{"acc": [0.5234514150009895, 0.631506036018207, 0.7029487433207995, 0.7423312883435583, 0.7445082129428062, 0.7496536710864833, 0.7583613694834752, 0.7557886404116366, 0.7635068276271522, 0.769245992479715, 0.8096180486839502, 0.7945774787255095, 0.8028893726499109, 0.7090837126459529, 0.7385711458539481, 0.7197704334058975, 0.7597466851375421, 0.7603403918464279, 0.7561844448842272, 0.767069067880467, 0.7949732831981001, 0.8040767860676825, 0.8282208588957055, 0.8341579259845636, 0.8470215713437562, 0.8709677419354839, 0.8816544626954285, 0.8911537700376014, 0.8917474767464872, 0.8992677617257075, 0.8881852364931724, 0.8980803483079359, 0.9115377003760142, 0.9101523847219474, 0.9131209182663764, 0.9180684741737581, 0.921630714427073, 0.9273698792796359, 0.9335048486047892, 0.9337027508410845, 0.943597862655848, 0.9412230358203048, 0.9501286364535919, 0.9562636057787453, 0.9576489214328122, 0.966356619829804, 0.9715020779734811, 0.9740748070453196, 0.978824460716406, 0.9811992875519493, 0.9792202651889966, 0.9819908964971304, 0.9920839105481892, 0.990500692657827, 0.9928755194933703, 0.9958440530377993], "mcc": [0.0768436690527134, 0.36351704017242, 0.519833626977232, 0.6067942167939805, 0.6175961069591624, 0.6268197687167752, 0.6398058903845224, 0.6370729192393139, 0.6487768399910286, 0.6567291980950225, 0.7086440414487037, 0.6923414852331825, 0.7037432632005526, 0.5512477895521394, 0.6070874651274857, 0.5512835448145542, 0.627488465797183, 0.6416887135163062, 0.6376216523333691, 0.6539373507730052, 0.6927679752869181, 0.7058501937957347, 0.7396940283449331, 0.748156158282625, 0.7664236270573223, 0.7968892571855211, 0.8085045568631057, 0.822333545458204, 0.8235947038183289, 0.8344338251499842, 0.8210717703378071, 0.8353565147572694, 0.8547278852110199, 0.8539705392143531, 0.8580063545228132, 0.8657764527481233, 0.87225201435689, 0.8816185721960089, 0.8911834723267287, 0.8929237368889165, 0.9080834231736122, 0.9053461528700039, 0.918922025765889, 0.9287423277256323, 0.9313781451172259, 0.9451606089591468, 0.9536094966681748, 0.9579671777630722, 0.965570887259976, 0.9693194410036678, 0.9664159710762038, 0.970830905995129, 0.9870891244347325, 0.9845537499129141, 0.9884063340227017, 0.993225522129944], "f1": [0.24188385916780977, 0.46893887914213334, 0.5615912612296171, 0.6037134875397135, 0.5875832170143193, 0.5924764340788874, 0.6137907121004289, 0.6026835298556094, 0.6201019625998883, 0.6361946624928063, 0.7381102473913032, 0.6971298998140862, 0.7151605416752881, 0.5521457141718237, 0.5817996356533577, 0.5861560379289782, 0.6510667021809831, 0.6224533707300903, 0.6038600990206459, 0.6290617285916512, 0.6986046659016806, 0.717906884886215, 0.7669678611611798, 0.7781766151929969, 0.8014564046506734, 0.8448265270741402, 0.8655498733724168, 0.8798821443187838, 0.8800823210235621, 0.8930892852894727, 0.8712135536226038, 0.8856044317445099, 0.9071937123558861, 0.9013407344251124, 0.9060932053072758, 0.9124773450031674, 0.9152404784407965, 0.9218168845836582, 0.9295644578332323, 0.9278717967533527, 0.9399455514717499, 0.9361413101077427, 0.9468655193628118, 0.9537443827618105, 0.9548731076145619, 0.9647011775589828, 0.9701843147246668, 0.9727866914049516, 0.977901001580649, 0.9804997455646856, 0.978199934671543, 0.9811716725058061, 0.9917956595776163, 0.9901203257016785, 0.992590032117057, 0.9956628815310932], "times": {"epochs": [0.20884394645690918, 0.10015606880187988, 0.09988903999328613, 0.09824228286743164, 0.09983658790588379, 0.09719085693359375, 0.09703230857849121, 0.09643387794494629, 0.09489917755126953, 0.09599113464355469, 0.09707307815551758, 0.09641909599304199, 0.09549593925476074, 0.09547805786132812, 0.09881162643432617, 0.09962058067321777, 0.09919238090515137, 0.10099053382873535, 0.10065555572509766, 0.10075068473815918, 0.10200285911560059, 0.10223603248596191, 0.10349917411804199, 0.10293936729431152, 0.10218620300292969, 0.10255694389343262, 0.09945940971374512, 0.10080575942993164, 0.10130047798156738, 0.1011512279510498, 0.09920215606689453, 0.10175466537475586, 0.10062026977539062, 0.1028294563293457, 0.1011507511138916, 0.10306286811828613, 0.10256719589233398, 0.10170292854309082, 0.10284137725830078, 0.10537981986999512, 0.10552263259887695, 0.10176849365234375, 0.10265851020812988, 0.10187530517578125, 0.10713863372802734, 0.10903167724609375, 0.10631442070007324, 0.1056525707244873, 0.1046137809753418, 0.10393714904785156, 0.11045646667480469, 0.10445237159729004, 0.10394763946533203, 0.10764241218566895, 0.12145328521728516, 0.10570263862609863], "global_times": [2.7962586879730225, 2.9434070587158203, 3.0892438888549805, 3.234546184539795, 3.3797764778137207, 3.5234410762786865, 3.6662018299102783, 3.8105666637420654, 3.9517555236816406, 4.0932464599609375, 4.2373974323272705, 4.379836320877075, 4.523155450820923, 4.662661552429199, 4.769453287124634, 4.876436471939087, 4.983005523681641, 5.091204881668091, 5.199136972427368, 5.307170867919922, 5.416348218917847, 5.52595329284668, 5.636775255203247, 5.747044324874878, 5.856414556503296, 5.96605920791626, 6.072668075561523, 6.180468320846558, 6.288862943649292, 6.397343635559082, 6.503907918930054, 6.6129844188690186, 6.721010208129883, 6.831110715866089, 6.939545631408691, 7.05009651184082, 7.159956932067871, 7.268975257873535, 7.379058599472046, 7.491996765136719, 7.605099201202393, 7.7142014503479, 7.824042797088623, 7.933189630508423, 8.047500371932983, 8.163840532302856, 8.277595043182373, 8.390766382217407, 8.502646684646606, 8.613986253738403, 8.732011556625366, 8.844273805618286, 8.955437660217285, 9.070758581161499, 9.199646711349487, 9.312827587127686]}}