{"acc": [0.4496444783674125, 0.44969804094859334, 0.5506099438931962, 0.44963108772211735, 0.4497649941750693, 0.5688747840758446, 0.7877582720711311, 0.8133076232943666, 0.8539348411199936, 0.8745028722934158, 0.8899021143828921, 0.9053549190535491, 0.9101621607145248, 0.9102558952315912, 0.9103764110392479, 0.9104835362016096, 0.9105237081374952, 0.9105906613639712, 0.9106308332998567, 0.9106308332998567, 0.9106576145904471, 0.9106576145904471, 0.9106576145904471, 0.9106576145904471, 0.9106710052357423, 0.9106710052357423, 0.9106710052357423, 0.9106710052357423, 0.9108986462057607, 0.977811700745859, 0.9980717470774917], "mcc": [-0.0037836860350721306, 0.004062030665193264, 0.31696187571734696, -0.0046340810940134975, 0.006999730302374751, 0.3446951366703554, 0.6770372695125723, 0.7176896783751637, 0.7797877530550141, 0.8117080185919948, 0.8359740612194929, 0.861158326928436, 0.8690796540985207, 0.8692331843763939, 0.8694273375812299, 0.8696075524097809, 0.8696679940957314, 0.869768736592463, 0.8698364489186372, 0.8698364489186372, 0.8698822974499087, 0.8698822974499087, 0.8698836864583851, 0.8698864661751149, 0.8699066126378975, 0.8699066126378975, 0.8699066126378975, 0.8699066126378975, 0.8695403380435469, 0.966218437697624, 0.9970206882534891], "f1": [0.20678379426924567, 0.2071375642115123, 0.4190788566254988, 0.2067795462033248, 0.20745421323888666, 0.46579517846046153, 0.7794552262172516, 0.8070880035822081, 0.8472162946630735, 0.8677902375108272, 0.8831373709753612, 0.8983517401127226, 0.9031507245899638, 0.903250118531591, 0.9033589726040968, 0.9034595032719954, 0.9034956637865138, 0.9035422126660771, 0.9035800092984095, 0.9035800092984095, 0.9036057392510912, 0.9036057392510912, 0.9036095747198939, 0.9036172471270985, 0.9036292992046565, 0.9036292992046565, 0.9036292992046565, 0.9036292992046565, 0.9018586650269539, 0.9776522225975603, 0.9980837075247843], "times": {"epochs": [1.1232702732086182, 0.9494938850402832, 0.9311850070953369, 0.956897497177124, 0.954716682434082, 0.9446923732757568, 0.9533531665802002, 0.9504504203796387, 0.9399058818817139, 0.9466099739074707, 1.0490686893463135, 1.0143165588378906, 0.9628627300262451, 1.0234389305114746, 0.9923322200775146, 1.0273005962371826, 1.0378518104553223, 1.0026628971099854, 0.9572641849517822, 0.9334361553192139, 0.9358031749725342, 0.944220781326294, 0.9601621627807617, 0.9517948627471924, 0.9456198215484619, 0.9384229183197021, 0.9914388656616211, 0.9985411167144775, 1.0496904850006104, 0.9489133358001709, 0.9459302425384521], "global_times": [4.720736503601074, 5.8722803592681885, 7.006094217300415, 7.972743034362793, 8.93571925163269, 9.888696432113647, 10.850671529769897, 11.80944561958313, 12.75735592842102, 13.71198034286499, 14.770206451416016, 15.793623924255371, 16.764798641204834, 17.79745841026306, 18.798723936080933, 19.834258556365967, 20.883461475372314, 21.89538884162903, 22.86115550994873, 23.802753448486328, 24.746733903884888, 25.699043035507202, 26.66752314567566, 27.62742853164673, 28.581340074539185, 29.527945280075073, 30.527585744857788, 31.534322500228882, 32.593254804611206, 33.55042552947998, 34.504570960998535]}}