{"acc": [0.9153662878986228, 0.911805519191496, 0.9595093470178562, 0.8256925171492905, 0.9074069225532806, 0.9600722626590564, 0.9603079017646751, 0.9599937162905169, 0.9607268157302195, 0.9618788291354663, 0.9636330313661832, 0.9914122637063413, 0.9914646279520344, 0.9916217206891135, 0.9917133581190763], "mcc": [0.9044444131250801, 0.8955890297480733, 0.9515885667294798, 0.8180304173671596, 0.89065335239569, 0.9522802158891802, 0.9525726042363222, 0.9521797454141149, 0.9530794617539559, 0.9544969197413505, 0.9566606730316056, 0.9897271030826932, 0.9897896509802658, 0.9899773115594231, 0.9900869489756259], "f1": [0.9108802699246157, 0.9103342828272142, 0.9592875142772422, 0.7693302591218737, 0.905598710988787, 0.9598517375972307, 0.9600927829616906, 0.9597715205048633, 0.9605047358847424, 0.9616575385826368, 0.9634112786692244, 0.9914367746907559, 0.9914890944493379, 0.9916475775226573, 0.9917405277723459], "times": {"epochs": [1.370081901550293, 1.1501004695892334, 1.1537020206451416, 1.1810321807861328, 1.172753095626831, 1.135749101638794, 1.188765525817871, 1.1574106216430664, 1.162963628768921, 1.174121379852295, 1.178844928741455, 1.1611413955688477, 1.1684677600860596, 1.1743414402008057, 1.3178889751434326], "global_times": [6.540061712265015, 8.234543800354004, 9.929178476333618, 11.129085779190063, 12.318211078643799, 13.475366353988647, 14.681599140167236, 15.855867862701416, 17.036623001098633, 18.227663040161133, 19.428532123565674, 20.60832452774048, 21.795788288116455, 22.986591339111328, 24.324564933776855]}}