{"acc": [0.9027072315023302, 0.8916845577839452, 0.8957558778865791, 0.9090825784154579, 0.8921689270566058, 0.9559093051264597, 0.9542205582028591, 0.9540111012200869, 0.9554249358537991, 0.9573100486987485, 0.965688328009635, 0.967599622977431, 0.9697596481122689, 0.9915955385662669, 0.9916217206891135, 0.9917264491804996], "mcc": [0.884910331126198, 0.8701553626732532, 0.8769285174034765, 0.8921084723702299, 0.8707318026108318, 0.9472724398223143, 0.9452016404486882, 0.9449430789211821, 0.9466458989639699, 0.948952098473752, 0.95930612332162, 0.9616909099861256, 0.9643857351112338, 0.9899441744843706, 0.9899754822841165, 0.9901004487102943], "f1": [0.9007705853425905, 0.890792902653462, 0.8934078318216834, 0.90760473073501, 0.8912836523379614, 0.9555793534466451, 0.953889903316624, 0.953681634817595, 0.9551167053800597, 0.9570027148871255, 0.9653872915001811, 0.9672995947357871, 0.9694670985259338, 0.9916194579768461, 0.9916458681274426, 0.9917511043124928], "times": {"epochs": [1.5032007694244385, 1.2458441257476807, 1.2348661422729492, 1.278146505355835, 1.255429744720459, 1.255735158920288, 1.3557562828063965, 1.2911391258239746, 1.2601377964019775, 1.2882306575775146, 1.2685003280639648, 1.2449791431427002, 1.247354507446289, 1.2710800170898438, 1.26534104347229, 1.2470481395721436], "global_times": [5.903779029846191, 7.735283613204956, 9.50295352935791, 10.858552694320679, 12.191044807434082, 13.525951147079468, 14.966315746307373, 16.334409475326538, 17.674689054489136, 19.042811632156372, 20.38843083381653, 21.71177053451538, 23.037102937698364, 24.393094301223755, 25.739856481552124, 27.07280445098877]}}