{"acc": [0.44833219512848327, 0.5263460946182996, 0.539093988939327, 0.4498051661109549, 0.47649272218428207, 0.5419060244513183, 0.6690368108839165, 0.7125831893838964, 0.7171895713654441, 0.7178323223396136, 0.7178457129849087, 0.7386413851283493, 0.8068801135526721, 0.8075496458174319, 0.8076165990439079, 0.8076567709797935, 0.8076969429156791, 0.8077371148515647, 0.8077505054968599, 0.807830849368631, 0.807964755821583, 0.8083932564710293, 0.8948030905609341, 0.8983783928547516, 0.898472127371818, 0.8984989086624084, 0.8985122993077036, 0.8985122993077036, 0.8985122993077036, 0.8985122993077036, 0.8985122993077036, 0.8985122993077036, 0.8985122993077036, 0.8985122993077036, 0.8985122993077036, 0.8985256899529989, 0.8985256899529989, 0.8985256899529989, 0.8985524712435893, 0.8986595964059508, 0.898806893504198, 0.8996371135125002, 0.9014984132085325, 0.957672170221883, 0.9997321870940961], "mcc": [0.017106186401837226, 0.2963615905765498, 0.3276230657896424, 0.04077621085737536, 0.16508942923643785, 0.33231865923274173, 0.5238919439878891, 0.6174209880637813, 0.628035092664938, 0.6296323906988308, 0.6296947530588328, 0.6536861261640909, 0.7355159665378443, 0.7363426180105781, 0.736425309839957, 0.7364749272679786, 0.7365245464440492, 0.7365605857846037, 0.7365469616715736, 0.7366191084898491, 0.7367409622493439, 0.7372572542502289, 0.848569716579695, 0.8534453774956215, 0.8535978533701066, 0.8536481563199769, 0.8536733092872316, 0.8536733092872316, 0.8536733092872316, 0.8536733092872316, 0.8536733092872316, 0.8536733092872316, 0.8536733092872316, 0.8536733092872316, 0.8536733092872316, 0.8536984632494863, 0.8536984632494863, 0.8536984632494863, 0.8537346639610424, 0.8538794777790784, 0.8540786254539885, 0.8551877632368254, 0.8577029203947868, 0.936469571500168, 0.9995859873193355], "f1": [0.20718741046931152, 0.3670130778625537, 0.3882844910165897, 0.21104926577176755, 0.2746259068337551, 0.392501345390805, 0.5383911680993981, 0.581460549549692, 0.586076682074602, 0.5867843635427219, 0.5868296478464288, 0.637147463861561, 0.7674677502223854, 0.7685488581078187, 0.7686567996342185, 0.7687215498117244, 0.7687862889402535, 0.7688619665342773, 0.7689005359455066, 0.7690517842403213, 0.769295134375234, 0.7699946426013028, 0.8886095014137654, 0.8928436036943884, 0.8929568414310504, 0.8929817592301861, 0.8929942185845685, 0.8929942185845685, 0.8929942185845685, 0.8929942185845685, 0.8929942185845685, 0.8929942185845685, 0.8929942185845685, 0.8929942185845685, 0.8929942185845685, 0.8930066782422186, 0.8930066782422186, 0.8930066782422186, 0.8930382332358694, 0.8931644303225778, 0.8933378915685163, 0.8943208109336763, 0.8965049065085311, 0.957961262791278, 0.9997421638347151], "times": {"epochs": [1.1571991443634033, 0.9768781661987305, 0.9816477298736572, 0.979107141494751, 0.9790947437286377, 0.9901213645935059, 0.9919373989105225, 1.0060632228851318, 0.9951658248901367, 0.981480598449707, 0.9746482372283936, 0.9836773872375488, 0.9905185699462891, 0.9543437957763672, 0.9569222927093506, 0.956782341003418, 0.9838278293609619, 0.9819645881652832, 0.9547290802001953, 0.9513692855834961, 0.9655897617340088, 0.9616775512695312, 0.9684252738952637, 0.9810595512390137, 0.981109619140625, 0.979210615158081, 0.967064619064331, 0.9674649238586426, 0.9893648624420166, 0.9905209541320801, 0.9884402751922607, 0.9683833122253418, 1.00132417678833, 0.9954679012298584, 0.9732232093811035, 0.9830677509307861, 1.0025029182434082, 0.9945588111877441, 0.9953782558441162, 0.9878640174865723, 1.0068047046661377, 0.984938383102417, 0.9978606700897217, 0.9629266262054443, 0.9750533103942871], "global_times": [4.631970405578613, 5.8122148513793945, 6.998421669006348, 7.987462520599365, 8.975276470184326, 9.974069595336914, 10.974678754806519, 11.989453792572021, 12.993245601654053, 13.983580827713013, 14.966892004013062, 15.95915937423706, 16.95838737487793, 17.921533823013306, 18.887126445770264, 19.852463722229004, 20.845064401626587, 21.835606336593628, 22.79905390739441, 23.759031295776367, 24.73378610610962, 25.70403742790222, 26.681219339370728, 27.671098709106445, 28.66095471382141, 29.648706674575806, 30.624549627304077, 31.600901126861572, 32.599072217941284, 33.59821271896362, 34.595282554626465, 35.57253932952881, 36.582648515701294, 37.58678102493286, 38.568729639053345, 39.560478925704956, 40.57182049751282, 41.575214862823486, 42.579275608062744, 43.575828313827515, 44.591346740722656, 45.584938287734985, 46.591519832611084, 47.56308937072754, 48.54668354988098]}}