{"acc": [0.9017515840184323, 0.8915143739854428, 0.9557653034508038, 0.8985050007854637, 0.9093705817667697, 0.9562496727234644, 0.955320207362413, 0.9545478347384406, 0.9554380269152223, 0.9559093051264597, 0.9576896894800231, 0.9678090799602032, 0.9697596481122689, 0.9697727391736922, 0.9916348117505367, 0.9917133581190763], "mcc": [0.8838355631092312, 0.8699566776735712, 0.9470966761447357, 0.8802020493812752, 0.8924385600266805, 0.947749085149864, 0.946549806808212, 0.9456014790662214, 0.9466629700224312, 0.947237360908286, 0.9494176952163436, 0.9619522889079045, 0.9643857351112338, 0.9643985381762672, 0.989991098841066, 0.9900848725845094], "f1": [0.8997392353798738, 0.8906173219760846, 0.9554346646623015, 0.8962132118909292, 0.9079073096195875, 0.9558877830056595, 0.9549900436686284, 0.9542178674525585, 0.9551289702920812, 0.9556019923753617, 0.9573824182762288, 0.96750909100964, 0.9694670985259338, 0.9694772278213911, 0.9916587718838592, 0.9917382239125487], "times": {"epochs": [1.4415111541748047, 1.182201862335205, 1.1761798858642578, 1.1746983528137207, 1.2082562446594238, 1.1963591575622559, 1.170804738998413, 1.1994354724884033, 1.2526376247406006, 1.1739325523376465, 1.1588590145111084, 1.1644375324249268, 1.1923561096191406, 1.175367832183838, 1.1860859394073486, 1.1751701831817627], "global_times": [6.521450519561768, 8.236099481582642, 9.94457197189331, 11.138772964477539, 12.365031957626343, 13.580750226974487, 14.769582748413086, 15.986834526062012, 17.257603406906128, 18.44937491416931, 19.62655758857727, 20.80901002883911, 22.019056797027588, 23.21283507347107, 24.418372869491577, 25.611133813858032]}}