{"acc": [0.4775380961804868, 0.6560459133188205, 0.6752424302394617, 0.7009697209578468, 0.7280823273302989, 0.7488620621413022, 0.7601424896101326, 0.7637047298634475, 0.7658816544626954, 0.7728082327330299, 0.7755788640411637, 0.7801306154759549, 0.7995250346328914, 0.8224816940431426, 0.8100138531565406, 0.8236691074609143, 0.8581040965762913, 0.8594894122303582, 0.8383138729467643, 0.8616663368296061, 0.8810607559865427, 0.8840292895309717, 0.8824460716406095, 0.8927369879279636, 0.8921432812190778, 0.8927369879279636, 0.9024341975064318, 0.9050069265782703, 0.9061943399960419, 0.911339798139719, 0.9133188205026717, 0.916485256283396, 0.9204433010093014, 0.923807639026321, 0.9271719770433406, 0.9261824658618643, 0.9331090441321986, 0.9374628933306947, 0.9410251335840095, 0.944389471601029, 0.9432020581832574, 0.9507223431624777, 0.9493370275084109, 0.955274094597269, 0.9590342370868791, 0.9635859885216703, 0.9675440332475757, 0.9637838907579656, 0.9705125667920047, 0.9707104690283, 0.9740748070453196, 0.9784286562438156, 0.9810013853156541, 0.9817929942608351, 0.990500692657827, 0.9895111814763506, 0.9922818127844845, 0.9956461508015041, 0.997031466455571], "mcc": [0.14319365268505682, 0.41807781212156314, 0.4617123412306641, 0.5025374792858553, 0.5558249895294053, 0.600774059509058, 0.6238178019182812, 0.6360800526281403, 0.6420210904837076, 0.6526063305136257, 0.6563122997572874, 0.6635010626367692, 0.6916783695761982, 0.7251728654517706, 0.7079607275421845, 0.7278762594259888, 0.7760766296381952, 0.7776498642782569, 0.7489712722531432, 0.7823126231187592, 0.8058327797485754, 0.8101956989295892, 0.8084141337551651, 0.8230745141026806, 0.8229663502776162, 0.8244413546450305, 0.839019182134786, 0.8427770660301147, 0.8451673242288578, 0.853087541087002, 0.8560391474491706, 0.861874388239765, 0.8679737443852805, 0.8738555529423417, 0.8793280661384781, 0.8781009836237702, 0.8890864966404737, 0.8965228330224211, 0.9022543924180794, 0.9079672664337701, 0.9060058090209604, 0.9184695753141454, 0.9162860628572458, 0.9259541072013179, 0.9322839534175323, 0.9397794568775272, 0.9463428881097202, 0.9403717256820915, 0.9512530102888911, 0.9517170488880018, 0.9572394061325751, 0.9643792456451352, 0.9686212115046667, 0.9700042431749509, 0.9843121997784542, 0.9826819185475008, 0.9872561696733726, 0.9928179673374178, 0.9951018792817009], "f1": [0.3992622590245804, 0.4830950637466389, 0.5126910871974247, 0.5551012011541064, 0.590197398242279, 0.6143490469670546, 0.6281764736401781, 0.6240488371162088, 0.6230948333267957, 0.6395513991208183, 0.6460725223224016, 0.655819983763605, 0.703374331831855, 0.7523943048483804, 0.7248476120276709, 0.7534003410601704, 0.8185565199027597, 0.8214226053519463, 0.7812045179792287, 0.8234053208379807, 0.8600396299802671, 0.8644913900790175, 0.8612616129829972, 0.878042946711437, 0.8756346682637431, 0.8757835698898789, 0.89006890637352, 0.8941644692117263, 0.8947197330787565, 0.9020104668762906, 0.9057999602597436, 0.9077023639021157, 0.9137126709878117, 0.916503785621253, 0.920634718249835, 0.9185600086310686, 0.9277332826190493, 0.9340906933111676, 0.9370445952341327, 0.9412809144528808, 0.9386774575014596, 0.9479621002563494, 0.9452312822557302, 0.9522229686053629, 0.9561419946896857, 0.9611544605379221, 0.9657823082369941, 0.9609857191749839, 0.9686043101778484, 0.9685629592814529, 0.9722025927790496, 0.9769055820601306, 0.9797181700740502, 0.9806039215375755, 0.9898486731700288, 0.9887943187979097, 0.9916865355622063, 0.9951914467299083, 0.9967766528313858], "times": {"epochs": [5.860454082489014, 0.11751532554626465, 0.11370229721069336, 0.13550901412963867, 0.11066198348999023, 0.11459732055664062, 0.11822628974914551, 0.11881279945373535, 0.11266160011291504, 0.1092538833618164, 0.1138298511505127, 0.11067366600036621, 0.10808777809143066, 0.11061573028564453, 0.11284422874450684, 0.11311101913452148, 0.11468005180358887, 0.1216437816619873, 0.23230290412902832, 0.10941886901855469, 0.1130976676940918, 0.1176307201385498, 0.23706316947937012, 0.11628937721252441, 0.11392879486083984, 0.11015439033508301, 0.12248516082763672, 0.11211895942687988, 0.10908770561218262, 0.11643171310424805, 0.1258690357208252, 0.17672038078308105, 0.11009669303894043, 0.11033320426940918, 0.10984086990356445, 0.10922622680664062, 0.10684084892272949, 0.10616564750671387, 0.12703442573547363, 0.14295196533203125, 0.1132969856262207, 0.10761904716491699, 0.11047482490539551, 0.10648894309997559, 0.1341381072998047, 0.12282562255859375, 0.1479628086090088, 0.10809206962585449, 0.10607361793518066, 0.10763216018676758, 0.11295127868652344, 0.1511685848236084, 0.11968255043029785, 0.12493038177490234, 0.11171579360961914, 0.11138582229614258, 0.11128878593444824, 0.11201953887939453, 0.13971495628356934], "global_times": [5.916200876235962, 6.033938884735107, 6.147867202758789, 6.283591985702515, 6.394453048706055, 6.509247541427612, 6.627673387527466, 6.746687173843384, 6.859654426574707, 6.969109535217285, 7.083154678344727, 7.1940248012542725, 7.302316427230835, 7.413130521774292, 7.526190757751465, 7.6395204067230225, 7.754429340362549, 7.876288890838623, 8.10880446434021, 8.218443155288696, 8.331745624542236, 8.449572324752808, 8.68684983253479, 8.803372621536255, 8.917507410049438, 9.027867317199707, 9.150567770004272, 9.262891292572021, 9.372205972671509, 9.48885464668274, 9.614964246749878, 9.791919231414795, 9.902236461639404, 10.012782573699951, 10.122841119766235, 10.232280492782593, 10.33932375907898, 10.44569444656372, 10.572933673858643, 10.71610689163208, 10.829612731933594, 10.937427997589111, 11.04810094833374, 11.154788494110107, 11.2891526222229, 11.41219711303711, 11.560376167297363, 11.668663024902344, 11.774939060211182, 11.882794380187988, 11.99596095085144, 12.14736533164978, 12.26724624633789, 12.392473936080933, 12.504480600357056, 12.616072416305542, 12.72757601737976, 12.839800119400024, 12.97974181175232]}}