{"acc": [0.9531863643504215, 0.9918835419175787, 0.9926428234801278], "mcc": [0.9439048414376993, 0.9902881205423127, 0.9911940132234571], "f1": [0.9530739169572654, 0.991906541600367, 0.9926731905784857], "times": {"epochs": [8.971431255340576, 1.2421987056732178, 1.434504747390747], "global_times": [10.436060428619385, 11.678520679473877, 13.113304615020752]}}