{"acc": [0.44963108772211735, 0.44961769707682214, 0.4496444783674125, 0.475943705727179, 0.7694264786620068, 0.8262831585854122, 0.8944147618473735, 0.9051004967929405, 0.9083945955355589, 0.9090775184456139, 0.9095461910309458, 0.9098273945821449, 0.910041644906868, 0.91017555135982, 0.9103228484580672, 0.9104701455563143, 0.9105906613639712, 0.9106308332998567, 0.9106442239451519, 0.9106576145904471, 0.9106576145904471, 0.9106710052357423, 0.9106710052357423, 0.9106710052357423, 0.9106710052357423, 0.9106710052357423, 0.9106710052357423, 0.9106710052357423, 0.9106710052357423, 0.9990224828934506, 0.9992367332181737], "mcc": [-0.0046340810940134975, -0.00535101176245997, 0.0011754953129924407, 0.14640845724383147, 0.6468951149474536, 0.7351103444000348, 0.8429909242944349, 0.8608186032282402, 0.8661975708700469, 0.8672520949669115, 0.8679959661135972, 0.8684706422623258, 0.8688312354817374, 0.869064050098781, 0.8693122466304994, 0.8695545971028625, 0.8697594283410636, 0.8698316274642567, 0.8698576557367962, 0.869879191919494, 0.8698805805977696, 0.8699052229384491, 0.8699080029039681, 0.8699080029039681, 0.8699080029039681, 0.8699080029039681, 0.8699080029039681, 0.8699080029039681, 0.8699080029039681, 0.9984885864772718, 0.9988196671018288], "f1": [0.2067795462033248, 0.20677529805892206, 0.20705228425189992, 0.2842507890352664, 0.7631716714714062, 0.8213118985471647, 0.8874095159815555, 0.8981450229254607, 0.9014388343799169, 0.9020983205325611, 0.9025547970974822, 0.9028215620542914, 0.903026661657551, 0.9031529398297605, 0.9032874317383821, 0.9034241263370867, 0.9035375250489167, 0.9035761466118073, 0.9035928602616597, 0.9036087480304609, 0.9036125838889496, 0.903625462867336, 0.9036331360318762, 0.9036331360318762, 0.9036331360318762, 0.9036331360318762, 0.9036331360318762, 0.9036331360318762, 0.9036331360318762, 0.9990262973162243, 0.9992385258620023], "times": {"epochs": [6.214443683624268, 0.9633646011352539, 0.943626880645752, 0.9358878135681152, 0.9681923389434814, 0.9270100593566895, 0.9514918327331543, 0.9487769603729248, 0.9392721652984619, 0.9874327182769775, 0.9536333084106445, 0.9256362915039062, 0.9384520053863525, 0.9227910041809082, 0.9259016513824463, 0.9571151733398438, 0.9319565296173096, 0.9448549747467041, 0.9353725910186768, 0.9626882076263428, 0.9500181674957275, 0.9688644409179688, 0.9612102508544922, 0.9652047157287598, 0.943812370300293, 0.9167401790618896, 0.9242713451385498, 1.0233595371246338, 0.9379599094390869, 0.9554989337921143, 1.048597812652588], "global_times": [7.692653179168701, 8.656223773956299, 9.600058555603027, 10.53616714477539, 11.504584550857544, 12.431815147399902, 13.383513450622559, 14.332492589950562, 15.271965742111206, 16.259624481201172, 17.21346664428711, 18.13930916786194, 19.077966690063477, 20.000997304916382, 20.92711067199707, 21.88445472717285, 22.81662368774414, 23.761687517166138, 24.697274684906006, 25.660170555114746, 26.61042070388794, 27.579492568969727, 28.540921688079834, 29.506365299224854, 30.450391054153442, 31.367344856262207, 32.291831493377686, 33.31539845466614, 34.253565311431885, 35.20927333831787, 36.258087158203125]}}