{"acc": [0.9848143687490182, 0.9927868251557836], "mcc": [0.9818336167936904, 0.9913658387743255], "f1": [0.984817628730172, 0.9928186663881182], "times": {"epochs": [1.4437758922576904, 1.2534630298614502], "global_times": [5.638630151748657, 7.466979742050171]}}