{"acc": [0.6727758286641881, 0.905259988479866, 0.8705948578310729, 0.956275854846311, 0.9558176676964968, 0.9543907420013614, 0.954115829711473, 0.9560794889249621, 0.9572838665759019, 0.9576765984185998, 0.9671152537047704, 0.9697596481122689, 0.9697727391736922, 0.9915955385662669, 0.9916609938733832, 0.9917133581190763], "mcc": [0.6277773650890777, 0.8877803688696553, 0.8448949674739721, 0.9477802524855092, 0.9471596134946737, 0.9454097254936693, 0.945071402526699, 0.9474471854675177, 0.9489220149748678, 0.9494013968285542, 0.9610851453334608, 0.9643857351112338, 0.9644014152664772, 0.9899441744843706, 0.9900223286781578, 0.9900848499448336], "f1": [0.665330282297738, 0.9035252076950493, 0.8694484827057881, 0.9559145648670272, 0.9554879316134398, 0.9540603026134034, 0.9537867155331874, 0.9557712261995217, 0.9569772966455558, 0.9573700690484893, 0.9668147178850263, 0.9694670985259338, 0.9694804820267268, 0.9916194579768461, 0.9916848594619806, 0.9917378853812239], "times": {"epochs": [8.991373538970947, 1.196974754333496, 1.1897587776184082, 1.2372140884399414, 1.191532850265503, 1.1987199783325195, 1.2319481372833252, 1.2038025856018066, 1.188589096069336, 1.3818631172180176, 1.2049953937530518, 1.1567959785461426, 1.1985797882080078, 1.183157205581665, 1.1747186183929443, 1.2941675186157227], "global_times": [10.429199457168579, 11.626435995101929, 12.816424369812012, 14.053881406784058, 15.24566388130188, 16.444633960723877, 17.67682147026062, 18.88085389137268, 20.069690704345703, 21.45180106163025, 22.65704846382141, 23.814106702804565, 25.01295757293701, 26.196359634399414, 27.37131381034851, 28.665728092193604]}}