{"acc": [0.6225980530001741, 0.6464601829162148, 0.6847574284604775, 0.7624633431085044, 0.6648857108424054, 0.6877033704254208, 0.8247432343764646, 0.9081803452108357, 0.9099077384539161, 0.9099077384539161, 0.9099077384539161, 0.9099077384539161, 0.9099077384539161, 0.9099077384539161, 0.9099077384539161, 0.9099077384539161, 0.9099077384539161, 0.9099077384539161, 0.9099077384539161, 0.9099077384539161, 0.9099077384539161, 0.9099077384539161, 0.9099077384539161, 0.9099077384539161, 0.9099077384539161, 0.9099077384539161, 0.9099077384539161, 0.9099077384539161, 0.9099077384539161, 0.9099077384539161, 0.9099077384539161, 0.9099077384539161, 0.9099077384539161, 0.9099077384539161, 0.9099077384539161, 0.9099077384539161, 0.9287885483201436, 0.9350821516088861, 0.9500662836942112, 0.9555430576199467, 0.9572302789271415, 0.9613278163874717, 0.954404852769855, 0.957538263768931, 0.967541075804443, 0.9581274521619196, 0.9522623495226235, 0.9591987037855354, 0.965572650946049, 0.9759504010498266, 0.975642416208037, 0.9627873967246482, 0.9556234014917179, 0.945084963644398, 0.9726027397260274, 0.9594932979820298, 0.9573106227989127, 0.9864084950253753, 0.9607520186397782, 0.9666706838602552, 0.965974370304905, 0.979378406245397, 0.9854577592094163, 0.9999732187094096], "mcc": [0.48571344529176025, 0.5446665325089277, 0.5727311106440277, 0.6745089480607642, 0.5682149657492189, 0.5857792382986047, 0.7486740095499284, 0.8717329868908158, 0.8745919161149338, 0.8745919161149338, 0.8745919161149338, 0.8745919161149338, 0.8745919161149338, 0.8745919161149338, 0.8745919161149338, 0.8745919161149338, 0.8745919161149338, 0.8745919161149338, 0.8745919161149338, 0.8745919161149338, 0.8745919161149338, 0.8745919161149338, 0.8745919161149338, 0.8745919161149338, 0.8745919161149338, 0.8745919161149338, 0.8745919161149338, 0.8745919161149338, 0.8745919161149338, 0.8745919161149338, 0.8745919161149338, 0.8737578122265858, 0.8725548464956625, 0.87263745775611, 0.8721758014543863, 0.8720701920658976, 0.8971794352548493, 0.9060536500400753, 0.9267790990750163, 0.9345606548691745, 0.9370335216448672, 0.9428774831746859, 0.9332877576441143, 0.9376850538235091, 0.951794882313057, 0.9385177777234953, 0.9303934477656578, 0.9400137752430625, 0.9489938881794491, 0.9639123870183315, 0.9634641948211332, 0.945053057680872, 0.9350355410486328, 0.9206004860317948, 0.9590588174292636, 0.9404258373521607, 0.93737961129124, 0.9793361294687807, 0.9421897003676696, 0.9505547146533796, 0.9495644455498294, 0.9689239751812153, 0.9779172701406698, 0.9999585669068077], "f1": [0.4831500764556709, 0.5245486429372309, 0.6196943195610217, 0.7400142345228451, 0.5659193364459808, 0.619133012808395, 0.8187354973796038, 0.9146254064262608, 0.9168403779164261, 0.9168403779164261, 0.9168403779164261, 0.9168403779164261, 0.9168403779164261, 0.9168403779164261, 0.9168403779164261, 0.9168403779164261, 0.9168403779164261, 0.9168403779164261, 0.9168403779164261, 0.9168403779164261, 0.9168403779164261, 0.9168403779164261, 0.9168403779164261, 0.9168403779164261, 0.9168403779164261, 0.9168403779164261, 0.9168403779164261, 0.9168403779164261, 0.9168403779164261, 0.9168403779164261, 0.9168403779164261, 0.9155528612315935, 0.9135906001628383, 0.9137340250351569, 0.912877653709856, 0.9123802057748818, 0.9307620717777866, 0.9370343958924927, 0.9515485896713255, 0.9569059230171367, 0.9586099815491528, 0.9625790211504283, 0.9561202853771945, 0.9591112898992106, 0.968572058102451, 0.9596767331111402, 0.9541748217354509, 0.9606848544966179, 0.966705004709982, 0.976593478128506, 0.9762983521038091, 0.964069652481193, 0.9573241760107369, 0.9474795050270104, 0.9733912007143525, 0.960962267680709, 0.9589087225200768, 0.9866806563360998, 0.9621484632661254, 0.9677460154569069, 0.967085724296669, 0.9798856245915037, 0.985758154827619, 0.9999735001741245], "times": {"epochs": [1.2352893352508545, 1.0437567234039307, 1.0577900409698486, 1.0884313583374023, 1.2317314147949219, 1.0398075580596924, 1.0238227844238281, 1.097775936126709, 1.0466947555541992, 1.0442919731140137, 1.0870227813720703, 1.0368013381958008, 1.085125207901001, 1.046095609664917, 1.0336105823516846, 1.0367655754089355, 1.0392277240753174, 1.055283784866333, 1.06788969039917, 1.0350823402404785, 1.0413250923156738, 1.0305595397949219, 1.0377395153045654, 1.081470012664795, 1.053969144821167, 1.0470547676086426, 1.0420525074005127, 1.0447168350219727, 1.0344533920288086, 1.0831360816955566, 1.041926622390747, 1.0499770641326904, 1.041593313217163, 1.0380797386169434, 1.0591440200805664, 1.0796656608581543, 1.0531532764434814, 1.0524427890777588, 1.0141363143920898, 1.0393640995025635, 1.054175615310669, 1.0646872520446777, 1.0309412479400635, 1.062511920928955, 1.0491595268249512, 1.0426890850067139, 1.0208353996276855, 1.0617420673370361, 1.0655443668365479, 1.0517773628234863, 1.0737497806549072, 1.0691192150115967, 1.0541484355926514, 1.0442917346954346, 1.084930181503296, 1.1323559284210205, 1.0371489524841309, 1.0242347717285156, 1.0277643203735352, 1.028888463973999, 1.03875732421875, 1.0473835468292236, 1.01708984375, 1.033132791519165], "global_times": [3.7256903648376465, 5.0303308963775635, 6.333192348480225, 7.657149791717529, 8.920198917388916, 9.992451429367065, 11.048599004745483, 12.17981743812561, 13.258685827255249, 14.331546068191528, 15.449412822723389, 16.51717710494995, 17.631059169769287, 18.703381538391113, 19.762628078460693, 20.83061385154724, 21.90095281600952, 22.988863945007324, 24.088908910751343, 25.1552517414093, 26.22726035118103, 27.28977394104004, 28.356276035308838, 29.462838649749756, 30.54286289215088, 31.62119460105896, 32.69012641906738, 33.762226581573486, 34.82761597633362, 35.94142293930054, 37.01419162750244, 38.09207606315613, 39.16024971008301, 40.226834535598755, 41.31450390815735, 42.41998600959778, 43.499269008636475, 44.57783794403076, 45.618067026138306, 46.6863956451416, 47.768980741500854, 48.86098766326904, 49.92007660865784, 51.01082921028137, 52.08859133720398, 53.161948442459106, 54.21099591255188, 55.304431438446045, 56.39824557304382, 57.47743630409241, 58.57853698730469, 59.67992568016052, 60.760390758514404, 61.83190870285034, 62.94900822639465, 64.1122305393219, 65.1804039478302, 66.23382210731506, 67.29387402534485, 68.35392189025879, 69.42357277870178, 70.49805927276611, 71.54408717155457, 72.60540318489075]}}