{"acc": [0.7209578468236691, 0.7324361765287948, 0.7466851375420542, 0.7534138135760934, 0.7569760538294082, 0.7605382940827231, 0.7625173164456759, 0.7668711656441718, 0.7777557886404116, 0.7880467049277656, 0.7813180288937265, 0.7916089451810805, 0.7959627943795765, 0.8076390263209974, 0.8185236493172373, 0.8072432218484069, 0.8141698001187413, 0.8743320799525035, 0.8879873342568771, 0.8656243815555116, 0.9370670888581041, 0.8349495349297447, 0.9400356224025331, 0.9473580051454581, 0.9271719770433406, 0.9402335246388284, 0.9485454185632297, 0.9418167425291906, 0.9629922818127845, 0.9580447259054027, 0.9511181476350683, 0.9742727092816149, 0.9667524243023946, 0.9614090639224223, 0.978032851771225, 0.9786265584801108, 0.975855927171977, 0.9873342568771027, 0.9770433405897486, 0.9922818127844845, 0.988323768058579, 0.9879279635859886, 0.9962398575103899, 0.9972293686918662], "mcc": [0.5533001547451882, 0.5798415236263044, 0.6059402838905844, 0.6194392255945096, 0.6273929493842006, 0.6347783342178012, 0.6371463032367103, 0.644386050751721, 0.6603784623977581, 0.6750051657009446, 0.6670492174434328, 0.681478162404669, 0.6876527171283292, 0.7026716454025309, 0.7183388580722848, 0.7028177185207527, 0.7125294785682298, 0.8011644385011475, 0.8215478522786427, 0.7879253707159187, 0.895435218798535, 0.7424975180788889, 0.9022761954202231, 0.913896620982641, 0.8826219303252845, 0.903105880916759, 0.9161968933159427, 0.9056589380480603, 0.9393974227888658, 0.9314895358873866, 0.9204394290410642, 0.9576826541592275, 0.9455050819857751, 0.9371212772054657, 0.9638824320947296, 0.9648652638803539, 0.9604015648371161, 0.9791133762166667, 0.9623787087950004, 0.9872512603102496, 0.9807655056782751, 0.980117570462164, 0.9937834443011037, 0.9954199932004509], "f1": [0.5597667347796472, 0.5705340722832731, 0.5851291649075684, 0.5914235968917297, 0.5944601343030999, 0.5976201236299413, 0.6026716255185103, 0.6121233814581579, 0.6414434513225825, 0.6691744791295079, 0.6480171199253865, 0.6748511181283181, 0.6856624501307959, 0.7153095505991683, 0.739570366203424, 0.7130907367204435, 0.7289333748548416, 0.8413840595374519, 0.8626249851088654, 0.8274778229003625, 0.9318113281038874, 0.772286103785777, 0.9320658940903779, 0.9412479973591418, 0.9160226252078799, 0.9323786234412572, 0.9423619889480929, 0.9343072468815782, 0.9592553155091862, 0.9535489454798527, 0.9454426821264498, 0.9719473193624889, 0.9635559672323338, 0.9575508909533337, 0.9759777282125928, 0.9766161241033476, 0.973619521347009, 0.9862598592440762, 0.9750482219307335, 0.9914359818230553, 0.9872885919038511, 0.9868643621541174, 0.9956806966322587, 0.9967933820431106], "times": {"epochs": [3.437171220779419, 0.10158896446228027, 0.09929513931274414, 0.09816741943359375, 0.09873223304748535, 0.10665631294250488, 0.10406970977783203, 0.10419702529907227, 0.10249543190002441, 0.10076403617858887, 0.10310530662536621, 0.09977126121520996, 0.10248184204101562, 0.10126614570617676, 0.10125231742858887, 0.10055255889892578, 0.1007852554321289, 0.09953737258911133, 0.10741877555847168, 0.10212922096252441, 0.10264110565185547, 0.10272097587585449, 0.1013023853302002, 0.10135889053344727, 0.09908413887023926, 0.1036531925201416, 0.1003563404083252, 0.1025092601776123, 0.10219955444335938, 0.10755658149719238, 0.11442756652832031, 0.10306501388549805, 0.10274362564086914, 0.10234189033508301, 0.10130691528320312, 0.10268354415893555, 0.10041260719299316, 0.11939525604248047, 0.10436415672302246, 0.10093879699707031, 0.10388636589050293, 0.10543990135192871, 0.10355234146118164, 0.11139345169067383], "global_times": [4.815681457519531, 4.917499542236328, 5.017006874084473, 5.115408897399902, 5.2143566608428955, 5.321219205856323, 5.425516128540039, 5.529926061630249, 5.632633924484253, 5.733610391616821, 5.836925983428955, 5.93691349029541, 6.039601564407349, 6.14108419418335, 6.2425689697265625, 6.343338489532471, 6.44434118270874, 6.54410982131958, 6.651767015457153, 6.754114866256714, 6.856987953186035, 6.959936857223511, 7.0614683628082275, 7.163049697875977, 7.2623608112335205, 7.366232395172119, 7.466801643371582, 7.569530248641968, 7.671948432922363, 7.779735803604126, 7.894437074661255, 7.99770975112915, 8.100677728652954, 8.203247308731079, 8.304769515991211, 8.407657146453857, 8.508291482925415, 8.627910852432251, 8.73250150680542, 8.833648681640625, 8.937767267227173, 9.043417692184448, 9.14720869064331, 9.25881576538086]}}