{"acc": [0.7209578468236691, 0.7324361765287948, 0.7466851375420542, 0.7534138135760934, 0.7569760538294082, 0.7605382940827231, 0.7625173164456759, 0.7668711656441718, 0.7777557886404116, 0.7880467049277656, 0.7813180288937265, 0.7916089451810805, 0.7959627943795765, 0.8076390263209974, 0.8185236493172373, 0.8072432218484069, 0.8141698001187413, 0.8743320799525035, 0.8879873342568771, 0.8656243815555116, 0.9370670888581041, 0.8349495349297447, 0.9400356224025331, 0.9473580051454581, 0.9271719770433406, 0.9402335246388284, 0.9485454185632297, 0.9418167425291906, 0.9631901840490797, 0.9578468236691074, 0.9511181476350683, 0.9742727092816149, 0.9667524243023946, 0.9616069661587175, 0.978032851771225, 0.9786265584801108, 0.9756580249356818, 0.9873342568771027, 0.9770433405897486, 0.9922818127844845, 0.988323768058579, 0.9879279635859886, 0.9962398575103899, 0.9972293686918662], "mcc": [0.5533001547451882, 0.5798415236263044, 0.6059402838905844, 0.6194392255945096, 0.6273929493842006, 0.6347783342178012, 0.6371463032367103, 0.644386050751721, 0.6603784623977581, 0.6750051657009446, 0.6670492174434328, 0.681478162404669, 0.6876527171283292, 0.7026716454025309, 0.7183388580722848, 0.7028177185207527, 0.7125294785682298, 0.8011644385011475, 0.8215478522786427, 0.7879253707159187, 0.895435218798535, 0.7424975180788889, 0.9022761954202231, 0.913896620982641, 0.8826219303252845, 0.903105880916759, 0.9161968933159427, 0.9056589380480603, 0.9397159107404829, 0.9311728211735334, 0.9204394290410642, 0.9576826541592275, 0.9455050819857751, 0.9374375872058885, 0.9638824320947296, 0.9648652638803539, 0.9600809945803543, 0.9791133762166667, 0.9623787087950004, 0.9872512603102496, 0.9807655056782751, 0.980117570462164, 0.9937834443011037, 0.9954199932004509], "f1": [0.5597667347796472, 0.5705340722832731, 0.5851291649075684, 0.5914235968917297, 0.5944601343030999, 0.5976201236299413, 0.6026716255185103, 0.6121233814581579, 0.6414434513225825, 0.6691744791295079, 0.6480171199253865, 0.6748511181283181, 0.6856624501307959, 0.7153095505991683, 0.739570366203424, 0.7130907367204435, 0.7289333748548416, 0.8413840595374519, 0.8626249851088654, 0.8274778229003625, 0.9318113281038874, 0.772286103785777, 0.9320658940903779, 0.9412479973591418, 0.9160226252078799, 0.9323786234412572, 0.9423619889480929, 0.9343072468815782, 0.959480746242236, 0.9533197815824103, 0.9454426821264498, 0.9719473193624889, 0.9635559672323338, 0.9577787665264582, 0.9759777282125928, 0.9766161241033476, 0.9734006531052944, 0.9862598592440762, 0.9750482219307335, 0.9914359818230553, 0.9872885919038511, 0.9868643621541174, 0.9956806966322587, 0.9967933820431106], "times": {"epochs": [3.8137762546539307, 0.12009239196777344, 0.11845612525939941, 0.1138162612915039, 0.11855721473693848, 0.11792826652526855, 0.11884212493896484, 0.11993646621704102, 0.12144136428833008, 0.11171889305114746, 0.12180781364440918, 0.1600642204284668, 0.11583781242370605, 0.11733388900756836, 0.11641979217529297, 0.11526012420654297, 0.11393356323242188, 0.12391829490661621, 0.10879135131835938, 0.11160087585449219, 0.1145792007446289, 0.11246776580810547, 0.11230945587158203, 0.10860109329223633, 0.1112215518951416, 0.11219000816345215, 0.12521719932556152, 0.11201858520507812, 0.11825132369995117, 0.11709761619567871, 0.11205339431762695, 0.11211204528808594, 0.11609315872192383, 0.12273502349853516, 0.11278653144836426, 0.11543774604797363, 0.13359665870666504, 0.11155819892883301, 0.11214852333068848, 0.11664891242980957, 0.11585617065429688, 0.1136927604675293, 0.11258053779602051, 0.13512587547302246], "global_times": [3.874535322189331, 3.994863748550415, 4.113577127456665, 4.227612018585205, 4.346392393112183, 4.464548826217651, 4.583619594573975, 4.703780174255371, 4.82552433013916, 4.937460660934448, 5.059491395950317, 5.219784259796143, 5.335935354232788, 5.453506708145142, 5.570167303085327, 5.6856529712677, 5.799810171127319, 5.923962116241455, 6.0329999923706055, 6.144859075546265, 6.259693622589111, 6.3723955154418945, 6.484935283660889, 6.593777418136597, 6.705223321914673, 6.8176352977752686, 6.943077802658081, 7.055320978164673, 7.173799753189087, 7.291126251220703, 7.4034104347229, 7.515760660171509, 7.632082223892212, 7.75504732131958, 7.868053674697876, 7.983758449554443, 8.117578268051147, 8.229370594024658, 8.3417489528656, 8.458630561828613, 8.574719905853271, 8.68865704536438, 8.801472187042236, 8.936835289001465]}}