{"acc": [0.6727758286641881, 0.905259988479866, 0.8705948578310729, 0.956275854846311, 0.9558176676964968, 0.9543907420013614, 0.954115829711473, 0.9560794889249621, 0.9572838665759019, 0.9576635073571765, 0.9671152537047704, 0.9697596481122689, 0.9697727391736922, 0.9915955385662669, 0.9916609938733832, 0.9917133581190763], "mcc": [0.6277773650890777, 0.8877803688696553, 0.8448949674739721, 0.9477802524855092, 0.9471596134946737, 0.9454097254936693, 0.945071402526699, 0.9474471854675177, 0.9489220149748678, 0.949385321660135, 0.9610851453334608, 0.9643857351112338, 0.9644014152664772, 0.9899441744843706, 0.9900223286781578, 0.9900848499448336], "f1": [0.665330282297738, 0.9035252076950493, 0.8694484827057881, 0.9559145648670272, 0.9554879316134398, 0.9540603026134034, 0.9537867155331874, 0.9557712261995217, 0.9569772966455558, 0.9573569695463381, 0.9668147178850263, 0.9694670985259338, 0.9694804820267268, 0.9916194579768461, 0.9916848594619806, 0.9917378853812239], "times": {"epochs": [9.26936674118042, 1.3647501468658447, 1.354994535446167, 1.3175384998321533, 1.3108923435211182, 1.298656940460205, 1.3391549587249756, 1.2546720504760742, 1.2989392280578613, 1.2799911499023438, 1.306913137435913, 1.3016166687011719, 1.2487246990203857, 1.2459771633148193, 1.3025388717651367, 1.3015592098236084], "global_times": [9.833207607269287, 11.198249101638794, 12.553506135940552, 13.871313571929932, 15.182476997375488, 16.481433629989624, 17.820870637893677, 19.075858116149902, 20.375056266784668, 21.655301094055176, 22.96249508857727, 24.264414310455322, 25.513434886932373, 26.75968289375305, 28.062477350234985, 29.36433434486389]}}