{"acc": [0.9168455778394512, 0.9132324448866314, 0.9593391632193539, 0.9561449442320783, 0.9081269309315599, 0.9600722626590564, 0.939427658794575, 0.9599937162905169, 0.960805362098759, 0.9621799235482013, 0.9642875844373462, 0.9708854793946693, 0.9914384458291878, 0.9915955385662669, 0.9916609938733832], "mcc": [0.9058696719726601, 0.8971959615234621, 0.9513789567201528, 0.9474708871725366, 0.8914572276051824, 0.9522803209605304, 0.9285743828987447, 0.9521797454141149, 0.9531760261665351, 0.9548679807390662, 0.9574692061486227, 0.9656853792646788, 0.9897583623855144, 0.9899462003385006, 0.9900242952730931], "f1": [0.912701072934654, 0.9118623977245984, 0.9591173003198638, 0.9559205794610817, 0.9063805782397791, 0.9598514136406481, 0.9385694286925617, 0.9597715205048633, 0.960583301637639, 0.9619586660309075, 0.9640670212694284, 0.9706687652687621, 0.9914627430294888, 0.9916211265490426, 0.9916874991394661], "times": {"epochs": [1.4009010791778564, 1.2666966915130615, 1.195197582244873, 1.2294392585754395, 1.2667126655578613, 1.2843053340911865, 1.2496628761291504, 1.2024502754211426, 1.2665722370147705, 1.330655574798584, 1.203082799911499, 1.1670844554901123, 1.1614949703216553, 1.2124755382537842, 1.184675931930542], "global_times": [5.561803102493286, 7.383535623550415, 9.148220539093018, 10.478879928588867, 11.831242084503174, 13.201120615005493, 14.528156042098999, 15.813474893569946, 17.156761646270752, 18.573821783065796, 19.859013319015503, 21.101184368133545, 22.336591243743896, 23.62645936012268, 24.891127347946167]}}