{"acc": [0.9826353662235516, 0.9841100919350284, 0.9847062576481785, 0.9851612262187405, 0.9856266538369016, 0.9858018428841869, 0.9858933595506794, 0.9859613433600737, 0.9859874909790715, 0.9860267124075681, 0.9860267124075681, 0.9860633190741651, 0.9861260733597599, 0.9861417619311585, 0.986340483835542, 0.9863901643116377, 0.9864450743115332, 0.9864869105019297, 0.9865025990733284, 0.9865209024066268, 0.9865130581209275, 0.9865444352637249, 0.9866202633588186, 0.9866804028825135, 0.9866777881206137, 0.9866856324063131, 0.986745771930008, 0.9867405424062085, 0.9867510014538076, 0.9867353128824089, 0.9867693047871061, 0.9868268295489013, 0.9868425181203, 0.9868817395487967, 0.9869392643105919, 0.9869052724058948, 0.9869183462153936, 0.9868921985963958, 0.9869732562152891, 0.9870020185961866, 0.9870072481199862, 0.9870020185961866, 0.9870307809770842, 0.9870046333580864, 0.9870020185961866, 0.9870516990722825, 0.9870883057388794, 0.9870726171674807, 0.9870804614531801, 0.9870961500245787, 0.9871432157387748, 0.9871615190720733, 0.9871955109767705, 0.9871667485958728, 0.9871745928815722, 0.9872190438338685, 0.9872504209766658, 0.987307945738461, 0.987368085262156, 0.9873314785955591, 0.9874491428810492, 0.9874700609762475, 0.9875249709761429, 0.9874726757381472, 0.9874648314524479, 0.9874308395477508, 0.9874857495476462, 0.9874491428810492, 0.9875092824047442, 0.9874988233571451, 0.9874752905000471, 0.9874099214525526, 0.987488364309546, 0.9874857495476462, 0.9875275857380427, 0.9875040528809447, 0.987488364309546, 0.9875171266904436, 0.9875511185951408, 0.9875066676428444, 0.9875589628808401, 0.9875537333570406, 0.9875615776427399, 0.9875223562142431, 0.9874988233571451, 0.9875511185951408, 0.9875380447856418, 0.9875328152618422, 0.9875380447856418, 0.9876112581188357, 0.9876086433569359, 0.9875380447856418, 0.987548503833241, 0.9876034138331363, 0.9876609385949315, 0.9875981843093368, 0.9875903400236374, 0.9875981843093368, 0.9875981843093368, 0.9875824957379381, 0.9876426352616331, 0.987572036690339, 0.987619102404535, 0.9876164876426352, 0.9876138728807354, 0.987572036690339, 0.9876112581188357, 0.9875851104998379, 0.9876374057378335, 0.9875824957379381, 0.9876138728807354, 0.9876164876426352, 0.9876426352616331, 0.9876583238330318, 0.9876504795473324, 0.9876740124044304], "mcc": [0.7772888168283298, 0.7976972303996638, 0.8051976016329558, 0.8106595904692361, 0.8162197953243213, 0.8179575344840535, 0.8192888584786981, 0.8197116045441663, 0.8195262427460568, 0.8203516409536754, 0.8203586966263141, 0.8208463246876215, 0.8215946256099115, 0.8217192899032398, 0.8243634294389163, 0.8249740585100614, 0.8256483066024267, 0.8264184925408508, 0.8263697885099691, 0.826560658900027, 0.826473848792401, 0.8269503018239628, 0.8280198007660394, 0.8286543339665887, 0.828585267075144, 0.828677220001046, 0.8293426172477427, 0.8294127842796283, 0.8294554884232019, 0.8291573338485535, 0.8296182810173862, 0.8304670721267622, 0.8306021711230741, 0.8312249587438703, 0.8319330188201359, 0.8314077198349952, 0.8316008321408541, 0.8312415380674666, 0.8322405407025701, 0.8325820319983475, 0.832693590216925, 0.8326027822146249, 0.8329353917884015, 0.8325857226826906, 0.832563028690514, 0.8331005105708633, 0.8336437791988734, 0.8333655206293066, 0.8333698380995458, 0.8335670993101251, 0.8340921600211708, 0.8344331811295063, 0.8349238376120132, 0.8345832488119385, 0.834730134549106, 0.8352311192694766, 0.8356140488422563, 0.8362983790594247, 0.8371145896957686, 0.8365917391065135, 0.8378766089516392, 0.8383668565565716, 0.8390827216882863, 0.83817375520851, 0.8382161728277232, 0.837970022480896, 0.8386274651950049, 0.8381026955958478, 0.838727533487662, 0.8386883295440598, 0.8384556533631813, 0.8377902599752634, 0.8386279510084267, 0.8385947984252914, 0.8391285458009918, 0.838607287262252, 0.8387407529024754, 0.8390302537633001, 0.8394540854780482, 0.8388385990832297, 0.839422984733116, 0.839546102290876, 0.8395206321961204, 0.8391825657764408, 0.8388839480892094, 0.8394921588978246, 0.8392138274468437, 0.8392865002609287, 0.8394170750012472, 0.8400451120003425, 0.8401145458663273, 0.8392142830811148, 0.839488326897344, 0.8403673095786816, 0.8408881179172689, 0.8401264059144398, 0.8399456773619511, 0.8401165882005515, 0.8399974701174634, 0.8398546318074958, 0.8407339285205541, 0.8398412846829219, 0.8404758471151246, 0.8406097860877217, 0.8404415789893306, 0.8397218702898833, 0.8403659465054142, 0.8400368690265585, 0.8406157833753055, 0.8401053882857977, 0.8404581959451808, 0.8404123136739378, 0.8405931408517374, 0.8410712892151889, 0.8409115266706183, 0.8411505098117503], "f1": [0.3674199626683176, 0.3796472140836197, 0.3838996928156217, 0.42192375413790584, 0.4499391165352131, 0.46159137186002547, 0.4574254675267719, 0.43240957841512284, 0.43970632437641166, 0.44174068082182616, 0.45358697034577367, 0.4494697474197723, 0.44745358364815324, 0.44260215107816975, 0.43878211231961606, 0.4408577762095172, 0.4439265645497801, 0.4486833445452449, 0.4450430643807433, 0.4478615592530516, 0.4526248455912059, 0.4510831285342311, 0.4624085088429569, 0.48710467783541994, 0.4841082774081821, 0.479418611410412, 0.493089413989683, 0.49500812234196595, 0.49480361181071625, 0.49081104909957796, 0.48942450095693213, 0.5043832047296177, 0.4995296556311333, 0.5078599394012262, 0.5083177471798641, 0.5029450088531824, 0.5067748401906609, 0.502177042003839, 0.5053865851442549, 0.5077908791974106, 0.5007347667771109, 0.5098480299997564, 0.5129527128367036, 0.5115163450436653, 0.5150324642653814, 0.4959378500353469, 0.5129153252744945, 0.5116648980671681, 0.5111375143613228, 0.5158988423501394, 0.515152958586367, 0.5190560291141949, 0.5225099869855063, 0.5192077431069635, 0.5159739917497097, 0.5189715504378346, 0.5219758699786867, 0.5155021500086542, 0.5145003188696504, 0.5246530995597436, 0.5266891065300775, 0.5344601196029399, 0.5205069810821381, 0.4960284204531565, 0.524007330731766, 0.49787932937478285, 0.502833496658151, 0.5297637999917346, 0.5296673398828762, 0.5290660195485504, 0.5287896033461118, 0.5278843124789858, 0.5295600665700382, 0.5287701586995862, 0.5308804973999854, 0.5307603114678939, 0.5298876442055733, 0.5288618822720788, 0.5306243056139099, 0.5295354465214381, 0.5282516821455012, 0.5306343175644092, 0.5294633061046221, 0.5303015518809422, 0.5286628665874924, 0.5325601432303497, 0.5326191968152818, 0.5317052012722502, 0.5055217253040655, 0.5683533131626799, 0.536623649470823, 0.5308204691222751, 0.533733504385536, 0.5379641717559811, 0.5614251119047549, 0.5651226318943009, 0.5598954827258522, 0.5677184086927943, 0.5624513521745947, 0.5634003504782956, 0.5708945446417629, 0.5469266549278226, 0.5664255775392176, 0.5712074803660021, 0.571597330389894, 0.5356093186025223, 0.569208559384048, 0.5671080859943661, 0.5666990971003385, 0.5644345235954785, 0.562760998864561, 0.5332603846384135, 0.5321599508056418, 0.5368097605340899, 0.5235088374477759, 0.5219074975736148],