{"acc": [0.45165307516169206, 0.5334297459794588, 0.539093988939327, 0.45161290322580644, 0.4788494757562367, 0.5417453367077759, 0.6672290737690649, 0.7111369996920152, 0.7170958368483777, 0.7178055410490232, 0.7178457129849087, 0.7181001352455175, 0.8059025964461227, 0.8074960832362511, 0.8076165990439079, 0.8076299896892031, 0.8076433803344983, 0.8076299896892031, 0.8076701616250888, 0.8077371148515647, 0.807763896142155, 0.8078442400139263, 0.807897802595107, 0.8083129125992582, 0.8892593634087227, 0.8983516115641613, 0.8984587367265229, 0.8984989086624084, 0.8985122993077036, 0.8985122993077036, 0.8985122993077036, 0.8985122993077036, 0.8985122993077036, 0.8985122993077036, 0.8985122993077036, 0.8985122993077036, 0.898539080598294, 0.8986863776965412, 0.9169913898150752, 0.9996384525770297], "mcc": [0.05649087274792874, 0.3106733018967577, 0.32723822427279614, 0.05696126081796852, 0.1684462126077818, 0.3321962991829842, 0.5204403805010921, 0.6140559237672749, 0.6278093735222081, 0.629558895953668, 0.6296947530588328, 0.6299854395911039, 0.7343099251274547, 0.7362764680421148, 0.736425309839957, 0.736441848788416, 0.7364583879310874, 0.7364282586924266, 0.7364778798955411, 0.7365741673683758, 0.7365936694997633, 0.7366929253073037, 0.7366747509766887, 0.7371039063139484, 0.8411359720037246, 0.853406096683174, 0.8535782118275738, 0.8536481563199769, 0.8536733092872316, 0.8536733092872316, 0.8536733092872316, 0.8536733092872316, 0.8536733092872316, 0.8536733092872316, 0.8536733092872316, 0.8536733092872316, 0.8537165634681398, 0.8539156839771552, 0.878926098999353, 0.9994412396750566], "f1": [0.21593410375789635, 0.37812354966626344, 0.3881750872924883, 0.2157528210211678, 0.2812518277855834, 0.39226112912055555, 0.5367514334856813, 0.5800626098832521, 0.5859807369451604, 0.5867476703962474, 0.5868296478464288, 0.5874850066592271, 0.7658837782482989, 0.7684624827687759, 0.7686567996342185, 0.7686783842546258, 0.7686999676470793, 0.7686893472984706, 0.7687540887158875, 0.7688510170237101, 0.7689051090746154, 0.7690345072694486, 0.769181393393828, 0.7699090561103635, 0.8819676123320649, 0.8928035450782924, 0.8929368133814094, 0.8929817592301861, 0.8929942185845685, 0.8929942185845685, 0.8929942185845685, 0.8929942185845685, 0.8929942185845685, 0.8929942185845685, 0.8929942185845685, 0.8929942185845685, 0.8930224560252377, 0.8931959738748159, 0.9142470932692651, 0.9996518446324161], "times": {"epochs": [1.1874608993530273, 1.0060269832611084, 1.0091397762298584, 1.017146348953247, 0.9958593845367432, 1.057755708694458, 1.0094597339630127, 1.0007145404815674, 1.0374419689178467, 0.9976646900177002, 0.9788951873779297, 0.9748566150665283, 0.9694571495056152, 0.9739089012145996, 0.9848759174346924, 1.0361323356628418, 0.9844088554382324, 0.9683718681335449, 0.9867489337921143, 1.0298709869384766, 0.9936585426330566, 1.038769245147705, 0.9862861633300781, 1.0185434818267822, 0.973717451095581, 0.9683420658111572, 0.9839274883270264, 1.01627516746521, 1.0671765804290771, 0.9696481227874756, 1.0227982997894287, 1.0932095050811768, 0.9917728900909424, 1.0158798694610596, 1.013401985168457, 0.9888427257537842, 1.0142834186553955, 0.9898779392242432, 0.9824576377868652, 1.0137381553649902], "global_times": [3.630307197570801, 4.880000829696655, 6.156818151473999, 7.216797590255737, 8.237122774124146, 9.319588899612427, 10.361078977584839, 11.38840365409851, 12.456746339797974, 13.478602647781372, 14.484718084335327, 15.486168622970581, 16.485665798187256, 17.49004340171814, 18.503331899642944, 19.57101058959961, 20.585731983184814, 21.58568549156189, 22.59770894050598, 23.656989812850952, 24.679689168930054, 25.74798035621643, 26.76456308364868, 27.807939291000366, 28.81296968460083, 29.811891555786133, 30.826041221618652, 31.873600006103516, 32.9689302444458, 33.968907833099365, 35.019338846206665, 36.14435315132141, 37.16570711135864, 38.206027030944824, 39.24536609649658, 40.26085615158081, 41.30767631530762, 42.322837591171265, 43.33207726478577, 44.37082290649414]}}