{"acc": [0.44961769707682214, 0.4498855099827261, 0.5661698737262149, 0.4497783848203645, 0.4498051661109549, 0.5711645844213232, 0.7903560572583993, 0.8707401009654655, 0.904591652271723, 0.9092649874797466, 0.9100282542615729, 0.9102023326504104, 0.9102291139410008, 0.9103630203939528, 0.9104567549110192, 0.9105237081374952, 0.9105906613639712, 0.9106442239451519, 0.9106576145904471, 0.9106576145904471, 0.9106576145904471, 0.9106576145904471, 0.9106710052357423, 0.9106710052357423, 0.9106710052357423, 0.9106710052357423, 0.9106710052357423, 0.9106710052357423, 0.9106710052357423, 0.9106710052357423, 0.9839981788722398, 0.9987680606328418], "mcc": [-0.00535101176245997, 0.010700134660837121, 0.33857135225522184, 0.008914921111078536, 0.008366240684488603, 0.35084793331122505, 0.6811595505376692, 0.804738618262665, 0.8604153761612522, 0.8677269127346651, 0.868891968925046, 0.8691512043091486, 0.8691925673005473, 0.8694158550946753, 0.8695714352725455, 0.8696721631970795, 0.8697770666308858, 0.8698632133518406, 0.8698864661751149, 0.8698864661751149, 0.8698864661751149, 0.8698878568834122, 0.8699093937366826, 0.8699093937366826, 0.8699093937366826, 0.8699093937366826, 0.8699080029039681, 0.8699080029039681, 0.8699080029039681, 0.8699080029039681, 0.9755291827171141, 0.9980955653204875], "f1": [0.20677529805892206, 0.20871002377944284, 0.44806709049217747, 0.20709870001298605, 0.20773066274009858, 0.47168928117907544, 0.782660766159985, 0.8629656687191635, 0.8970572854599145, 0.9021836196749696, 0.9030248318955713, 0.903202024131076, 0.9032269325482963, 0.9033523882040981, 0.9034400430387618, 0.9035003127399664, 0.9035583672918901, 0.9036082051203022, 0.9036172471270985, 0.9036172471270985, 0.9036172471270985, 0.9036210840655454, 0.9036369733490183, 0.9036369733490183, 0.9036369733490183, 0.9036369733490183, 0.9036331360318762, 0.9036331360318762, 0.9036331360318762, 0.9036331360318762, 0.983964539740173, 0.9987741872503917], "times": {"epochs": [1.2237074375152588, 1.0464234352111816, 1.0253288745880127, 1.1179406642913818, 1.0425951480865479, 1.0076336860656738, 0.9954085350036621, 0.9819858074188232, 1.0058815479278564, 0.9876999855041504, 1.0043578147888184, 0.9936366081237793, 1.0164391994476318, 0.9879593849182129, 0.9948210716247559, 0.9838976860046387, 1.0133333206176758, 0.9883937835693359, 0.9951021671295166, 0.994410514831543, 0.9967758655548096, 0.9969573020935059, 1.0072383880615234, 0.9868900775909424, 0.9829113483428955, 0.976595401763916, 0.9793074131011963, 1.0073878765106201, 1.0260341167449951, 0.9945104122161865, 0.9871382713317871, 1.0177886486053467], "global_times": [3.7389471530914307, 5.0196545124053955, 6.307332515716553, 7.509842157363892, 8.581201791763306, 9.614216804504395, 10.636672496795654, 11.645287990570068, 12.682385921478271, 13.69850778579712, 14.734143257141113, 15.756648063659668, 16.80003523826599, 17.813599109649658, 18.84082007408142, 19.851765155792236, 20.89099097251892, 21.906448125839233, 22.93399214744568, 23.95956826210022, 24.98676061630249, 26.014446020126343, 27.05317258834839, 28.065997838974, 29.079833269119263, 30.083454608917236, 31.089720249176025, 32.12408089637756, 33.177669286727905, 34.199509620666504, 35.21365928649902, 36.26229476928711]}}