{"acc": [0.5882376571726992, 0.6428179273959213, 0.6847038658792968, 0.57128510022898, 0.6402469234992434, 0.7140293790757777, 0.8623843383012627, 0.9097202694197833, 0.9098809571633257, 0.9099077384539161, 0.9099077384539161, 0.9099077384539161, 0.9099077384539161, 0.9099077384539161, 0.9099077384539161, 0.9099077384539161, 0.9099077384539161, 0.9099077384539161, 0.9099077384539161, 0.9099077384539161, 0.9099077384539161, 0.9099077384539161, 0.9099077384539161, 0.9099077384539161, 0.9099077384539161, 0.9099077384539161, 0.9099077384539161, 0.9099077384539161, 0.9099077384539161, 0.9099077384539161, 0.9099077384539161, 0.9099077384539161], "mcc": [0.408237396061498, 0.5450609197452031, 0.5694909348268302, 0.3844259409188106, 0.5350278621307555, 0.6051158624144983, 0.7997292673474177, 0.8743164717820798, 0.8745467368607385, 0.8745919161149338, 0.8745919161149338, 0.8745919161149338, 0.8745919161149338, 0.8745919161149338, 0.8745919161149338, 0.8745919161149338, 0.8745919161149338, 0.8745919161149338, 0.8745919161149338, 0.8745919161149338, 0.8745919161149338, 0.8745919161149338, 0.8745919161149338, 0.8745919161149338, 0.8745919161149338, 0.8745919161149338, 0.8745919161149338, 0.8745919161149338, 0.8745919161149338, 0.8745919161149338, 0.8745919161149338, 0.8741555678458653], "f1": [0.45099969040459204, 0.5095859490212911, 0.6222489116588078, 0.4392874100510767, 0.5076962357494109, 0.6711680289800185, 0.8592795742759683, 0.9166418992415215, 0.916814000230597, 0.9168403779164261, 0.9168403779164261, 0.9168403779164261, 0.9168403779164261, 0.9168403779164261, 0.9168403779164261, 0.9168403779164261, 0.9168403779164261, 0.9168403779164261, 0.9168403779164261, 0.9168403779164261, 0.9168403779164261, 0.9168403779164261, 0.9168403779164261, 0.9168403779164261, 0.9168403779164261, 0.9168403779164261, 0.9168403779164261, 0.9168403779164261, 0.9168403779164261, 0.9168403779164261, 0.9168403779164261, 0.9161709343056068], "times": {"epochs": [1.2163751125335693, 1.0103325843811035, 1.0024466514587402, 1.0073976516723633, 1.0386714935302734, 1.0373597145080566, 1.0324888229370117, 0.9864473342895508, 0.9853291511535645, 1.0088534355163574, 1.0234651565551758, 1.0348470211029053, 0.9977686405181885, 0.9822335243225098, 1.007418155670166, 1.0314750671386719, 0.9956426620483398, 0.9955878257751465, 0.9968056678771973, 0.9946088790893555, 1.00184965133667, 1.0476112365722656, 1.0424590110778809, 1.0009119510650635, 1.0237388610839844, 1.0733282566070557, 1.0438599586486816, 1.0009937286376953, 1.00715970993042, 1.0101900100708008, 1.0546813011169434, 1.0049095153808594], "global_times": [4.783240795135498, 6.002640247344971, 7.2177746295928955, 8.237486600875854, 9.286840438842773, 10.33449125289917, 11.377248048782349, 12.372627973556519, 13.366988897323608, 14.384861469268799, 15.418347597122192, 16.462260246276855, 17.469189882278442, 18.460517168045044, 19.47690987586975, 20.517333507537842, 21.521977186203003, 22.526569843292236, 23.5323965549469, 24.53611922264099, 25.547828912734985, 26.604486227035522, 27.65608811378479, 28.665985107421875, 29.69874405860901, 30.78153109550476, 31.83450484275818, 32.844327211380005, 33.86043405532837, 34.87971305847168, 35.94335436820984, 36.95769000053406]}}