{"acc": [0.7423940933130858, 0.9192019688956381, 0.9129706236581662, 0.959600984447819, 0.958946431376656, 0.9594831648950097, 0.959954443106247, 0.9609886369586846, 0.9616955542755407, 0.9642352201916531, 0.9915169921977274, 0.9915955385662669, 0.99164790281196, 0.9916871759962298], "mcc": [0.7200790114963139, 0.9083136810082125, 0.8968964841989154, 0.9517016915308549, 0.9508970313936429, 0.9515532841872022, 0.9521289846895579, 0.9533995699858667, 0.9542687496445883, 0.9573985591850206, 0.9898525369168456, 0.989946268666606, 0.9900088506221971, 0.9900557066222785], "f1": [0.6798042935557963, 0.9154119636342126, 0.911588318777623, 0.9593797223078889, 0.9587249651760033, 0.9592607565919913, 0.9597332272965322, 0.960767732963493, 0.961475060326816, 0.964016378653031, 0.9915433813695081, 0.9916214555290027, 0.9916741580685685, 0.9917141054148441], "times": {"epochs": [8.969849109649658, 1.2509944438934326, 1.1867661476135254, 1.2213881015777588, 1.1575818061828613, 1.2412893772125244, 1.208258867263794, 1.1883962154388428, 1.2082412242889404, 1.1879279613494873, 1.1576738357543945, 1.1871092319488525, 1.1489219665527344, 1.351501226425171], "global_times": [10.477121829986572, 11.728371381759644, 12.9153573513031, 14.136958599090576, 15.294770240783691, 16.536284685134888, 17.74478054046631, 18.93339443206787, 20.141851902008057, 21.32999348640442, 22.48788285255432, 23.67521357536316, 24.82437491416931, 26.176090717315674]}}