{"acc": [0.6600039580447259, 0.690085097961607, 0.7152186819711063, 0.7371858301998813, 0.7593508806649515, 0.7613299030279043, 0.7625173164456759, 0.77656837522264, 0.7848802691470413, 0.7918068474173758, 0.8054621017217495, 0.8203047694438947, 0.8252523253512765, 0.8478131802889373, 0.8048683950128637, 0.7047298634474569, 0.7249158915495745, 0.756778151593113, 0.7941816742529191, 0.8001187413417772, 0.8298040767860677, 0.8604789234118345, 0.8662180882643974, 0.8838313872946765, 0.8812586582228379, 0.8792796358598852, 0.9024341975064318, 0.9052048288145657, 0.9036216109242035, 0.9044132198693845, 0.9141104294478528, 0.918662180882644, 0.9190579853552345, 0.9226202256085494, 0.9267761725707501, 0.9293489016425885, 0.9301405105877696, 0.9368691866218088, 0.9396398179299426, 0.9432020581832574, 0.9459726894913912, 0.9485454185632297, 0.9505244409261825, 0.9550761923609736, 0.9608153572135365, 0.9602216505046507, 0.965565010884623, 0.9641796952305561, 0.966356619829804, 0.9667524243023946, 0.9778349495349298, 0.977241242826044, 0.978032851771225, 0.9893132792400554, 0.978824460716406, 0.9928755194933703, 0.9912923016030081, 0.9950524440926183], "mcc": [0.4185870890829533, 0.4926127996737628, 0.5324096180336239, 0.5769883238102881, 0.6241637681042972, 0.6337372123901923, 0.6367966344307704, 0.6573611735402856, 0.6703739128717775, 0.6819102888214962, 0.7015270271220946, 0.7225398856485816, 0.7298175316729957, 0.7616807723336307, 0.6789512287885633, 0.5065230170644703, 0.5500641568164443, 0.6102733643918299, 0.6789977700032611, 0.6899518503482823, 0.7343710842706294, 0.7789496308603794, 0.7860113510881143, 0.8106662851217373, 0.8072880464899451, 0.806602516900714, 0.8379214392782138, 0.8424666063010845, 0.8412008981028828, 0.8430746818876663, 0.85747397964417, 0.8649790126349838, 0.8658918796413942, 0.8715506410798178, 0.8785995489097789, 0.8830993866143262, 0.884238556345763, 0.8955938111043381, 0.9000093921299765, 0.9058798160884473, 0.9105299170869088, 0.9147684212858009, 0.9181122764661829, 0.9256668802949011, 0.9352246251404706, 0.9343184693132323, 0.9431349587478144, 0.9409203293066722, 0.944385326736871, 0.9454897245328591, 0.9634049544260915, 0.9624288028869862, 0.9637347865281828, 0.9824260636030104, 0.9650986336854716, 0.9882590551350106, 0.9856248467021771, 0.9918318565219241], "f1": [0.4912258646382035, 0.5326231302588099, 0.569347945455988, 0.5967479175702765, 0.6241234035872582, 0.6154401635810379, 0.6145690107106733, 0.6494157281743812, 0.6681223487247271, 0.6828007498089136, 0.7144839095649685, 0.7472551429174263, 0.7570743775034477, 0.7998499818778305, 0.7461957441630531, 0.5602522543552864, 0.5809184616781663, 0.6332515404950328, 0.6982869174205558, 0.708465716377999, 0.7682684036313735, 0.8231955152398021, 0.8343124492883204, 0.8630280541609593, 0.8585305280238374, 0.8529883313162943, 0.8926274449134833, 0.8962611119394897, 0.8911215893872116, 0.8911984790876183, 0.9059223469820156, 0.9129748209266358, 0.9111285754986606, 0.9168158469197714, 0.9221563434097492, 0.9254567072864793, 0.9240407042854963, 0.9335889839268688, 0.9360617438060524, 0.9392858317122862, 0.9427263813176147, 0.9452241512184226, 0.9468881983586218, 0.952041511157296, 0.9587664340653409, 0.9573618855857501, 0.9638710223244306, 0.9615484285993571, 0.9641400879726597, 0.9639932122064733, 0.9765577290640146, 0.9756283756932168, 0.9765476356708248, 0.9885486203229968, 0.9774649057439783, 0.9923438655901355, 0.990686146731426, 0.9945673180026181], "times": {"epochs": [0.22771263122558594, 0.10109925270080566, 0.10524606704711914, 0.10179686546325684, 0.10616159439086914, 0.09846735000610352, 0.09727072715759277, 0.09881424903869629, 0.10204744338989258, 0.11086106300354004, 0.11162304878234863, 0.1037752628326416, 0.11146903038024902, 0.1214439868927002, 0.10149168968200684, 0.09915733337402344, 0.09751391410827637, 0.10049915313720703, 0.09987545013427734, 0.0999917984008789, 0.10013413429260254, 0.10877180099487305, 0.10218238830566406, 0.10280704498291016, 0.10035419464111328, 0.09999442100524902, 0.10229015350341797, 0.10076594352722168, 0.09813284873962402, 0.09763455390930176, 0.10144853591918945, 0.0994114875793457, 0.09907817840576172, 0.10086655616760254, 0.10180830955505371, 0.09919285774230957, 0.09927535057067871, 0.09969949722290039, 0.09867048263549805, 0.0995016098022461, 0.09961652755737305, 0.10282754898071289, 0.09838342666625977, 0.09645462036132812, 0.09694623947143555, 0.10431432723999023, 0.09805536270141602, 0.09815788269042969, 0.09841799736022949, 0.09718108177185059, 0.09574699401855469, 0.0975339412689209, 0.09816169738769531, 0.0994718074798584, 0.10057616233825684, 0.09984731674194336, 0.0983424186706543, 0.10708761215209961], "global_times": [1.6176564693450928, 1.7816083431243896, 1.9507064819335938, 2.118495464324951, 2.287846565246582, 2.4513604640960693, 2.6100568771362305, 2.77034592628479, 2.935896396636963, 3.113818645477295, 3.2935900688171387, 3.462465763092041, 3.6390583515167236, 3.826397180557251, 3.9581921100616455, 4.087704181671143, 4.215315580368042, 4.346128463745117, 4.4743194580078125, 4.603679656982422, 4.731405735015869, 4.871538400650024, 5.009481430053711, 5.147059440612793, 5.282385587692261, 5.409680366516113, 5.541959762573242, 5.678209066390991, 5.80561089515686, 5.930982828140259, 6.061931848526001, 6.191253185272217, 6.318541765213013, 6.447494029998779, 6.581117630004883, 6.708537578582764, 6.836879253387451, 6.96324610710144, 7.089508533477783, 7.215682029724121, 7.348143815994263, 7.479424238204956, 7.613302230834961, 7.743883371353149, 7.876227378845215, 8.028428792953491, 8.160571098327637, 8.292905330657959, 8.426668167114258, 8.551018714904785, 8.674219131469727, 8.799488544464111, 8.928370237350464, 9.06317949295044, 9.192062616348267, 9.319695949554443, 9.446214437484741, 9.580796957015991]}}