{"acc": [0.7423940933130858, 0.9192019688956381, 0.9129706236581662, 0.959600984447819, 0.958946431376656, 0.9594831648950097, 0.959954443106247, 0.9609886369586846, 0.9616955542755407, 0.9642352201916531, 0.9915169921977274, 0.9915955385662669, 0.99164790281196, 0.9916871759962298], "mcc": [0.7200790114963139, 0.9083136810082125, 0.8968964841989154, 0.9517016915308549, 0.9508970313936429, 0.9515532841872022, 0.9521289846895579, 0.9533995699858667, 0.9542687496445883, 0.9573985591850206, 0.9898525369168456, 0.989946268666606, 0.9900088506221971, 0.9900557066222785], "f1": [0.6798042935557963, 0.9154119636342126, 0.911588318777623, 0.9593797223078889, 0.9587249651760033, 0.9592607565919913, 0.9597332272965322, 0.960767732963493, 0.961475060326816, 0.964016378653031, 0.9915433813695081, 0.9916214555290027, 0.9916741580685685, 0.9917141054148441], "times": {"epochs": [9.294698238372803, 1.2792129516601562, 1.341980218887329, 1.3716752529144287, 1.241185188293457, 1.2311570644378662, 1.2675201892852783, 1.2365312576293945, 1.2212269306182861, 1.2715041637420654, 1.2600712776184082, 1.2400071620941162, 1.245537519454956, 1.5189507007598877], "global_times": [9.827414751052856, 11.106903076171875, 12.449190855026245, 13.821152925491333, 15.062571287155151, 16.29396152496338, 17.561710119247437, 18.7984619140625, 20.01993703842163, 21.291672468185425, 22.551982879638672, 23.792232751846313, 25.03801202774048, 26.5571928024292]}}