{"times": {"train": [17.957592725753784, 11.661348581314087, 10.068038702011108, 9.893603563308716, 11.70427131652832, 11.616691827774048, 9.948102712631226, 13.36104130744934, 11.688326120376587, 10.061333656311035, 10.082336664199829, 10.016552925109863, 9.931995391845703, 10.050174713134766, 10.014830112457275, 11.671036720275879, 11.902028799057007, 11.913605690002441, 13.637491226196289, 11.744586706161499, 10.207174301147461, 10.082590341567993, 11.91469669342041, 10.071680784225464, 13.417555570602417, 13.228397607803345, 10.11210322380066, 11.786376953125, 11.797735452651978, 10.057295799255371, 11.88740849494934, 11.915330410003662, 10.019351243972778, 9.939658403396606, 11.752203941345215, 13.595316648483276, 13.33920407295227, 9.986756801605225, 11.734442234039307, 11.770806074142456, 13.577041149139404], "comm_send": [0.00024509429931640625, 0.00023865699768066406, 0.0003020763397216797, 0.00024390220642089844, 0.00022602081298828125, 0.00024890899658203125, 0.00025343894958496094, 0.0002677440643310547, 0.00022721290588378906, 0.00025391578674316406, 0.00023555755615234375, 0.00042057037353515625, 0.00025200843811035156, 0.00027942657470703125, 0.0002758502960205078, 0.00023412704467773438, 0.00022292137145996094, 0.000286102294921875, 0.0002346038818359375, 0.00023603439331054688, 0.0002696514129638672, 0.00026988983154296875, 0.0002830028533935547, 0.0002646446228027344, 0.00021600723266601562, 0.00023603439331054688, 0.0002453327178955078, 0.00023245811462402344, 0.00024008750915527344, 0.0002532005310058594, 0.00022745132446289062, 0.0002262592315673828, 0.0002605915069580078, 0.00023055076599121094, 0.00024509429931640625, 0.00022268295288085938, 0.00023484230041503906, 0.0002548694610595703, 0.0002243518829345703, 0.0002422332763671875, 0.00025343894958496094], "comm_recv": [11.512824535369873, 7.152050733566284, 10.042227983474731, 10.249391794204712, 8.803894758224487, 7.259438991546631, 10.97571587562561, 7.229268312454224, 9.400091886520386, 8.798227310180664, 10.733904838562012, 11.03113341331482, 10.680717945098877, 10.918632507324219, 12.763730764389038, 7.4401795864105225, 7.25876784324646, 8.771599054336548, 7.3891212940216064, 10.68927264213562, 8.80260682106018, 10.962518453598022, 8.594613790512085, 8.918090105056763, 7.682355880737305, 7.471418857574463, 8.889937162399292, 7.342219591140747, 9.09441876411438, 10.608989953994751, 7.171819448471069, 9.14820408821106, 10.885085105895996, 10.416868686676025, 10.784627199172974, 7.328055143356323, 9.033440589904785, 10.78609013557434, 8.915050983428955, 9.170751571655273, 7.262585878372192], "conv_send": [0.010898113250732422, 0.010276079177856445, 0.010602474212646484, 0.010487556457519531, 0.010744094848632812, 0.010501623153686523, 0.01062154769897461, 0.010242938995361328, 0.01038217544555664, 0.01053619384765625, 0.010466814041137695, 0.010798931121826172, 0.010661840438842773, 0.010770082473754883, 0.010427236557006836, 0.010330438613891602, 0.01095271110534668, 0.011135578155517578, 0.010930776596069336, 0.01047062873840332, 0.010454893112182617, 0.010449647903442383, 0.010892868041992188, 0.010629415512084961, 0.010366678237915039, 0.010259866714477539, 0.010746479034423828, 0.010956764221191406, 0.010801315307617188, 0.010630369186401367, 0.010883092880249023, 0.010799407958984375, 0.010913610458374023, 0.010258674621582031, 0.010849237442016602, 0.010860681533813477, 0.010178804397583008, 0.010612010955810547, 0.010518789291381836, 0.010441064834594727, 0.012256383895874023], "conv_recv": [0.0004608631134033203, 0.0003788471221923828, 0.0004134178161621094, 0.0003306865692138672, 0.0003502368927001953, 0.0004627704620361328, 0.00040030479431152344, 0.0003325939178466797, 0.0004165172576904297, 0.0003643035888671875, 0.0003693103790283203, 0.0003933906555175781, 0.00039505958557128906, 0.00033164024353027344, 0.0003249645233154297, 0.00034165382385253906, 0.00044226646423339844, 0.0004367828369140625, 0.00038361549377441406, 0.00048542022705078125, 0.0003275871276855469, 0.0003254413604736328, 0.0003399848937988281, 0.00038313865661621094, 0.00033783912658691406, 0.00039458274841308594, 0.0003407001495361328, 0.0003600120544433594, 0.00035381317138671875, 0.00034618377685546875, 0.0003249645233154297, 0.0003299713134765625, 0.0003540515899658203, 0.00034356117248535156, 0.0004658699035644531, 0.00038695335388183594, 0.00039267539978027344, 0.00038170814514160156, 0.0003726482391357422, 0.00037860870361328125, 0.00039386749267578125], "epochs": [29.497241973876953, 18.839581727981567, 20.137016773223877, 20.16940426826477, 20.534826517105103, 18.903083086013794, 20.950366258621216, 20.616259574890137, 21.114773273468018, 18.88621735572815, 20.8426673412323, 21.074724435806274, 20.639424324035645, 20.995463609695435, 22.80487585067749, 19.137229204177856, 19.18780827522278, 20.71231722831726, 21.053399085998535, 22.46054720878601, 19.036107301712036, 21.071497678756714, 20.53622555732727, 19.016297578811646, 21.12601327896118, 20.72609043121338, 19.028435707092285, 19.155279874801636, 20.91875195503235, 20.692623615264893, 19.085873126983643, 21.09013342857361, 20.930967807769775, 20.382383108139038, 22.564134120941162, 20.95007586479187, 22.39870595932007, 20.80013370513916, 20.676149129867554, 20.96829128265381, 20.868266820907593]}}