{"times": {"train": [17.878653287887573, 10.08401346206665, 11.71492338180542, 10.034886121749878, 11.655761003494263, 11.663851499557495, 11.689365148544312, 11.722672939300537, 10.045050382614136, 10.106470346450806, 11.67088770866394, 10.031302213668823, 11.783978700637817, 10.09685468673706, 11.648147106170654, 10.091987609863281, 10.172696113586426, 10.124756813049316, 11.77236032485962, 9.9569673538208, 10.198686838150024, 13.603922605514526, 13.197103261947632, 11.755789518356323, 11.76616382598877, 13.637572050094604, 10.120769262313843, 11.77785325050354, 13.206041097640991, 11.928232908248901, 10.178407192230225, 11.873745918273926, 11.690195322036743, 9.983476400375366, 11.776683807373047, 10.011581420898438, 13.374119758605957, 10.079129695892334, 13.513488054275513, 9.961055278778076, 10.073683738708496], "comm_send": [0.00029778480529785156, 0.0002677440643310547, 0.0002467632293701172, 0.0002491474151611328, 0.00024819374084472656, 0.00022673606872558594, 0.00023984909057617188, 0.0002415180206298828, 0.0002589225769042969, 0.00023674964904785156, 0.000225067138671875, 0.0003371238708496094, 0.00030040740966796875, 0.0002384185791015625, 0.00023317337036132812, 0.0003209114074707031, 0.0002627372741699219, 0.00023055076599121094, 0.0003209114074707031, 0.00024390220642089844, 0.0002722740173339844, 0.00027942657470703125, 0.00026679039001464844, 0.0002415180206298828, 0.0002391338348388672, 0.0002434253692626953, 0.00023889541625976562, 0.00028443336486816406, 0.0002231597900390625, 0.0002257823944091797, 0.0005054473876953125, 0.0002675056457519531, 0.00024580955505371094, 0.0002510547637939453, 0.00025963783264160156, 0.0002620220184326172, 0.00024700164794921875, 0.00024509429931640625, 0.0002346038818359375, 0.00027179718017578125, 0.0002694129943847656], "comm_recv": [11.588709831237793, 8.729929447174072, 8.395331144332886, 10.1078360080719, 8.85081934928894, 7.211799383163452, 9.235001802444458, 8.86563229560852, 11.042470216751099, 8.75274109840393, 9.144455909729004, 11.015381813049316, 8.82843804359436, 10.871853828430176, 11.130066871643066, 9.018714189529419, 8.988363981246948, 10.561038494110107, 9.252538204193115, 12.476202249526978, 8.811325550079346, 7.440124750137329, 7.312459945678711, 7.2334818840026855, 9.333645343780518, 7.0608038902282715, 8.881749629974365, 7.350781679153442, 7.686062812805176, 8.737862348556519, 8.880927324295044, 9.189061880111694, 9.215041875839233, 10.37265396118164, 10.760035991668701, 10.912819147109985, 8.99645471572876, 10.692645072937012, 7.136528491973877, 10.976351737976074, 10.76991868019104], "conv_send": [0.010671854019165039, 0.010986566543579102, 0.010470151901245117, 0.010493755340576172, 0.010389328002929688, 0.010477781295776367, 0.010489940643310547, 0.01062631607055664, 0.010825157165527344, 0.010643959045410156, 0.01050257682800293, 0.011725664138793945, 0.010589838027954102, 0.010763883590698242, 0.010465860366821289, 0.01082754135131836, 0.010492801666259766, 0.010496854782104492, 0.011302709579467773, 0.010892868041992188, 0.010455131530761719, 0.011213541030883789, 0.010671377182006836, 0.010547161102294922, 0.010764360427856445, 0.011070966720581055, 0.01074528694152832, 0.01108694076538086, 0.010809659957885742, 0.01098489761352539, 0.010643959045410156, 0.011023998260498047, 0.010498046875, 0.010620355606079102, 0.010596275329589844, 0.010858297348022461, 0.010520458221435547, 0.010843276977539062, 0.01116943359375, 0.010874271392822266, 0.010750293731689453], "conv_recv": [0.0006434917449951172, 0.0003864765167236328, 0.00042939186096191406, 0.0006847381591796875, 0.0003707408905029297, 0.00034546852111816406, 0.0006802082061767578, 0.0003304481506347656, 0.00040984153747558594, 0.0006234645843505859, 0.00037980079650878906, 0.0003960132598876953, 0.0003540515899658203, 0.0003871917724609375, 0.00037598609924316406, 0.0003905296325683594, 0.0003383159637451172, 0.0003256797790527344, 0.0004248619079589844, 0.0003247261047363281, 0.00032806396484375, 0.0003306865692138672, 0.0003304481506347656, 0.0003273487091064453, 0.0004444122314453125, 0.0004298686981201172, 0.00033211708068847656, 0.0003952980041503906, 0.00033736228942871094, 0.00037097930908203125, 0.00033473968505859375, 0.000431060791015625, 0.0003769397735595703, 0.00039267539978027344, 0.0003266334533691406, 0.0005583763122558594, 0.0004718303680419922, 0.0003437995910644531, 0.0005059242248535156, 0.0004067420959472656, 0.0004699230194091797], "epochs": [29.495468854904175, 18.84123992919922, 20.13701844215393, 20.171173334121704, 20.53308129310608, 18.902709007263184, 20.952529668807983, 20.61487650871277, 21.114552974700928, 18.88710355758667, 20.842074871063232, 21.07452917098999, 20.639429807662964, 20.99547004699707, 22.804701566696167, 19.137516736984253, 19.18786931037903, 20.71312952041626, 21.05251717567444, 22.4604070186615, 19.036462545394897, 21.07129979133606, 20.536425352096558, 19.015825748443604, 21.12653684616089, 20.725788593292236, 19.02898359298706, 19.155577898025513, 20.919146060943604, 20.692914247512817, 19.086244583129883, 21.09003210067749, 20.931653022766113, 20.38282585144043, 22.56335735321045, 20.95273995399475, 22.397535800933838, 20.798813104629517, 20.678791284561157, 20.96455192565918, 20.8709614276886]}}