{"times": {"train": [17.68802309036255, 11.707409858703613, 13.185813188552856, 13.216381549835205, 9.878597974777222, 9.96122694015503, 9.911422491073608, 11.555130004882812, 11.777181625366211, 9.982398986816406, 11.861249208450317, 11.718656778335571, 9.858330488204956, 11.65585470199585, 11.81422734260559, 11.682622909545898, 10.077705144882202, 10.031900882720947, 11.636888980865479, 11.715221643447876, 10.07443904876709, 13.166218042373657, 10.027707576751709, 9.930583953857422, 9.852158546447754, 11.654969930648804, 10.025514364242554, 11.644021987915039, 13.598742485046387, 10.050666570663452, 10.096871852874756, 9.998373985290527, 10.040708303451538, 9.904080390930176, 9.929949522018433, 9.927703380584717, 9.724841833114624, 13.625425815582275, 11.748531103134155, 9.85857343673706, 11.609545946121216], "comm_send": [0.0002512931823730469, 0.00026226043701171875, 0.00023102760314941406, 0.00022864341735839844, 0.0002472400665283203, 0.0003077983856201172, 0.0002536773681640625, 0.0002808570861816406, 0.00023818016052246094, 0.00024437904357910156, 0.00047969818115234375, 0.00022172927856445312, 0.0002510547637939453, 0.00039076805114746094, 0.00022840499877929688, 0.00023031234741210938, 0.0002837181091308594, 0.0002512931823730469, 0.0002281665802001953, 0.0002484321594238281, 0.0002474784851074219, 0.00023603439331054688, 0.0002741813659667969, 0.0002560615539550781, 0.0002570152282714844, 0.0002377033233642578, 0.0002560615539550781, 0.00027251243591308594, 0.0002989768981933594, 0.00025773048400878906, 0.00025725364685058594, 0.00026345252990722656, 0.00028395652770996094, 0.00024390220642089844, 0.0002543926239013672, 0.0002665519714355469, 0.00024318695068359375, 0.00023174285888671875, 0.00023674964904785156, 0.0002605915069580078, 0.00024175643920898438], "comm_recv": [11.779989957809448, 7.107397556304932, 6.923799991607666, 6.926516056060791, 10.629802227020264, 8.913091897964478, 11.012087106704712, 9.035133361816406, 9.31058931350708, 8.87658166885376, 8.953712224960327, 9.329337358474731, 10.754067659378052, 9.325558423995972, 10.95167326927185, 7.4286205768585205, 9.083212614059448, 10.654352188110352, 9.390535354614258, 10.718440055847168, 8.935909748077393, 7.879069566726685, 10.482821464538574, 9.058987855911255, 11.246528148651123, 9.044750690460205, 8.976666688919067, 7.485504865646362, 7.29369044303894, 10.615452766418457, 8.966327905654907, 11.06161618232727, 10.863945722579956, 10.45177435874939, 12.607124328613281, 10.996901035308838, 12.647668600082397, 7.1250104904174805, 8.902302980422974, 11.08051872253418, 9.233191967010498], "conv_send": [0.010546445846557617, 0.012139320373535156, 0.010394811630249023, 0.010454654693603516, 0.010526180267333984, 0.010654687881469727, 0.01069951057434082, 0.010632514953613281, 0.010918855667114258, 0.010869503021240234, 0.011673688888549805, 0.0104522705078125, 0.010978460311889648, 0.010481119155883789, 0.01090860366821289, 0.010410070419311523, 0.010575056076049805, 0.010469675064086914, 0.010320901870727539, 0.010502099990844727, 0.010478019714355469, 0.010410308837890625, 0.010491609573364258, 0.010850667953491211, 0.010721206665039062, 0.010378122329711914, 0.010807275772094727, 0.010406017303466797, 0.010892152786254883, 0.01065206527709961, 0.010686397552490234, 0.011046409606933594, 0.010899782180786133, 0.010678291320800781, 0.010643243789672852, 0.01078653335571289, 0.01036977767944336, 0.0303347110748291, 0.010999917984008789, 0.010794878005981445, 0.010398149490356445], "conv_recv": [0.0004620552062988281, 0.0003871917724609375, 0.0003325939178466797, 0.0003631114959716797, 0.0005371570587158203, 0.00033402442932128906, 0.0003387928009033203, 0.0003254413604736328, 0.00043392181396484375, 0.0003714561462402344, 0.00038242340087890625, 0.00043773651123046875, 0.0003609657287597656, 0.00036072731018066406, 0.0003516674041748047, 0.0003998279571533203, 0.0003330707550048828, 0.0003371238708496094, 0.0005517005920410156, 0.0003960132598876953, 0.0003266334533691406, 0.00032711029052734375, 0.0003848075866699219, 0.0003275871276855469, 0.0004143714904785156, 0.0003750324249267578, 0.00033164024353027344, 0.0003330707550048828, 0.0003933906555175781, 0.000339508056640625, 0.00033473968505859375, 0.0003731250762939453, 0.00033473968505859375, 0.0003457069396972656, 0.0003402233123779297, 0.0003771781921386719, 0.0007905960083007812, 0.0003345012664794922, 0.0004763603210449219, 0.0007297992706298828, 0.00036787986755371094], "epochs": [29.494792461395264, 18.843446254730225, 20.136250495910645, 20.169532299041748, 20.53690004348755, 18.90169882774353, 20.950242042541504, 20.61692976951599, 21.114813327789307, 18.886175394058228, 20.843310832977295, 21.07448148727417, 20.639504432678223, 21.007977724075317, 22.79271626472473, 19.13754391670227, 19.187644720077515, 20.712589502334595, 21.053640604019165, 22.460312366485596, 19.036479949951172, 21.0713210105896, 20.53704071044922, 19.01718044281006, 21.12521481513977, 20.726130962371826, 19.02875781059265, 19.155709981918335, 20.919281005859375, 20.6926748752594, 19.089757680892944, 21.087144374847412, 20.931710243225098, 20.382385969161987, 22.563644647598267, 20.951444387435913, 22.400638818740845, 20.796675205230713, 20.67809271812439, 20.96722912788391, 20.869399547576904]}}