{"times": {"train": [17.659615993499756, 11.548882961273193, 9.809579372406006, 11.580136060714722, 13.518603086471558, 9.84593653678894, 9.721270561218262, 9.669804334640503, 13.587668895721436, 11.514395475387573, 9.899780511856079, 13.566537618637085, 13.56351089477539, 13.558942079544067, 9.863128662109375, 9.88047170639038, 9.970481395721436, 11.756243467330933, 9.856976747512817, 9.786662817001343, 10.04467248916626, 11.586858034133911, 10.00737714767456, 9.95734715461731, 13.707762479782104, 10.0350182056427, 10.0543372631073, 9.99559760093689, 13.595496416091919, 13.675229787826538, 10.022155284881592, 11.653722763061523, 11.781006574630737, 11.689794301986694, 11.721772193908691, 13.201949834823608, 15.358401536941528, 13.600860357284546, 11.546525716781616, 11.710685014724731, 9.90831971168518], "comm_send": [0.0002808570861816406, 0.0002567768096923828, 0.00024199485778808594, 0.0002231597900390625, 0.00022411346435546875, 0.00029540061950683594, 0.0003745555877685547, 0.00024580955505371094, 0.0002753734588623047, 0.00023746490478515625, 0.00030922889709472656, 0.00024580955505371094, 0.00022721290588378906, 0.00026106834411621094, 0.00026679039001464844, 0.00026869773864746094, 0.0002598762512207031, 0.0002684593200683594, 0.00024771690368652344, 0.0002589225769042969, 0.00030159950256347656, 0.00023651123046875, 0.0002453327178955078, 0.0002536773681640625, 0.0002646446228027344, 0.00026345252990722656, 0.00030684471130371094, 0.0002498626708984375, 0.0002503395080566406, 0.0002529621124267578, 0.00030517578125, 0.00023436546325683594, 0.00023484230041503906, 0.00023508071899414062, 0.0003151893615722656, 0.000232696533203125, 0.00021839141845703125, 0.00023889541625976562, 0.0002467632293701172, 0.00023102760314941406, 0.00025773048400878906], "comm_recv": [11.809026956558228, 7.267743110656738, 10.300948858261108, 8.562632083892822, 6.989801645278931, 9.030702114105225, 11.200793981552124, 10.92206358909607, 7.499141454696655, 7.345442295074463, 10.916746854782104, 7.481777667999268, 7.049750328063965, 7.410067081451416, 12.91502833366394, 9.230713129043579, 9.19117784500122, 8.929374933242798, 11.169974327087402, 12.647290229797363, 8.965622901916504, 9.458727359771729, 10.502602338790894, 9.032438278198242, 7.388460636138916, 10.664549589157104, 8.947948694229126, 9.134011268615723, 7.296878337860107, 6.9909467697143555, 9.040356159210205, 9.40781307220459, 9.123976707458496, 8.665980577468872, 10.814206600189209, 7.721685171127319, 7.0140039920806885, 7.171138525009155, 9.103985786437988, 9.2288236618042, 10.935798406600952], "conv_send": [0.010627508163452148, 0.01003122329711914, 0.010448217391967773, 0.010319709777832031, 0.010541677474975586, 0.010656118392944336, 0.010602474212646484, 0.010450601577758789, 0.010875225067138672, 0.010141849517822266, 0.010501623153686523, 0.01072835922241211, 0.010687828063964844, 0.01068568229675293, 0.010957002639770508, 0.010581016540527344, 0.010580778121948242, 0.01088714599609375, 0.010651350021362305, 0.01044917106628418, 0.010589599609375, 0.010186195373535156, 0.010306358337402344, 0.010952472686767578, 0.010783910751342773, 0.010495185852050781, 0.010684967041015625, 0.010575056076049805, 0.010969877243041992, 0.010942697525024414, 0.01064157485961914, 0.010308027267456055, 0.010903358459472656, 0.010906457901000977, 0.01103353500366211, 0.010206222534179688, 0.010900259017944336, 0.010765552520751953, 0.010546684265136719, 0.010461568832397461, 0.010760068893432617], "conv_recv": [0.0003991127014160156, 0.00036787986755371094, 0.0005598068237304688, 0.0003521442413330078, 0.00032901763916015625, 0.0005116462707519531, 0.0003650188446044922, 0.0003204345703125, 0.00043320655822753906, 0.00034046173095703125, 0.0003609657287597656, 0.00038123130798339844, 0.00040340423583984375, 0.0003829002380371094, 0.0003485679626464844, 0.00032520294189453125, 0.0003323554992675781, 0.00039458274841308594, 0.0004265308380126953, 0.0004074573516845703, 0.00034999847412109375, 0.0003376007080078125, 0.0003619194030761719, 0.0003802776336669922, 0.00032520294189453125, 0.00035834312438964844, 0.0003459453582763672, 0.00033664703369140625, 0.00034618377685546875, 0.00040793418884277344, 0.00032973289489746094, 0.00032973289489746094, 0.00040650367736816406, 0.0003459453582763672, 0.0004515647888183594, 0.00035834312438964844, 0.0003371238708496094, 0.0003845691680908203, 0.0003612041473388672, 0.0003311634063720703, 0.0004971027374267578], "epochs": [29.494868516921997, 18.842333793640137, 20.13768482208252, 20.16864800453186, 20.53466010093689, 18.904837608337402, 20.94834589958191, 20.618030309677124, 21.11346459388733, 18.885748147964478, 20.842698335647583, 21.074671506881714, 20.639728546142578, 20.995264291763306, 22.804898500442505, 19.13717555999756, 19.187915325164795, 20.712241888046265, 21.05315375328064, 22.460208654403687, 19.036737203598022, 21.071303129196167, 20.53594136238098, 19.020127296447754, 21.122652053833008, 20.726022243499756, 19.028664112091064, 19.15570640563965, 20.9190194606781, 20.692765951156616, 19.08899164199829, 21.087584257125854, 20.931676149368286, 20.383435487747192, 22.563875675201416, 20.949660778045654, 22.39920139312744, 20.799432516098022, 20.677062034606934, 20.965787410736084, 20.871976137161255]}}