{"times": {"train": [21.332862615585327, 9.858190059661865, 11.711971044540405, 11.525076389312744, 9.818374633789062, 9.83551812171936, 13.469848155975342, 11.582074403762817, 11.543419361114502, 11.562427997589111, 13.550797462463379, 13.526422500610352, 13.380979061126709, 11.546270847320557, 9.848645687103271, 11.536477088928223, 11.793904066085815, 9.867096662521362, 11.538411617279053, 13.555201053619385, 10.029455423355103, 11.702885627746582, 9.90199089050293, 11.557942152023315, 11.614566087722778, 9.881288290023804, 11.565324068069458, 9.843927383422852, 11.69006609916687, 9.898783922195435, 11.752339124679565, 11.468376636505127, 13.567762851715088, 13.14466142654419, 15.357850790023804, 11.57653260231018, 11.666630983352661, 9.89498782157898, 9.817218542098999, 13.40092420578003, 13.558747291564941], "comm_send": [0.00024771690368652344, 0.00043272972106933594, 0.0002219676971435547, 0.00028324127197265625, 0.00029850006103515625, 0.0003592967987060547, 0.0002269744873046875, 0.0002434253692626953, 0.00023603439331054688, 0.00022864341735839844, 0.00021958351135253906, 0.00022339820861816406, 0.0002224445343017578, 0.00023365020751953125, 0.00030040740966796875, 0.00039649009704589844, 0.00023221969604492188, 0.0002613067626953125, 0.000240325927734375, 0.00022029876708984375, 0.0002455711364746094, 0.00026607513427734375, 0.0002474784851074219, 0.0003085136413574219, 0.0002334117889404297, 0.0003135204315185547, 0.0003063678741455078, 0.0002529621124267578, 0.00023102760314941406, 0.0002510547637939453, 0.0002105236053466797, 0.000255584716796875, 0.00020265579223632812, 0.00026798248291015625, 0.00023603439331054688, 0.00023031234741210938, 0.0002498626708984375, 0.0003459453582763672, 0.0002522468566894531, 0.00020885467529296875, 0.0002536773681640625], "comm_recv": [8.138811826705933, 8.954694032669067, 8.398334741592407, 8.618234157562256, 10.690632581710815, 9.040378093719482, 7.454545259475708, 9.008661270141602, 9.54562783241272, 7.297740697860718, 7.26568341255188, 7.5212061405181885, 7.232467412948608, 9.423860549926758, 12.928746700286865, 7.575128793716431, 7.36783766746521, 10.81810998916626, 9.489118337631226, 8.879067420959473, 8.9801025390625, 9.342158555984497, 10.608423471450806, 7.431442499160767, 9.48637342453003, 10.818921089172363, 7.437042236328125, 9.285807132720947, 9.202943086624146, 10.767745971679688, 7.308011293411255, 9.596755027770996, 7.336408615112305, 7.212542772293091, 7.1796722412109375, 9.348522663116455, 10.705982685089111, 10.877702236175537, 10.833331108093262, 7.541213512420654, 7.282879829406738], "conv_send": [0.010723114013671875, 0.010596275329589844, 0.010676145553588867, 0.01003408432006836, 0.010330677032470703, 0.010675191879272461, 0.010552167892456055, 0.010218620300292969, 0.010100841522216797, 0.010117769241333008, 0.010507583618164062, 0.010655641555786133, 0.01061248779296875, 0.010026216506958008, 0.010633707046508789, 0.010200262069702148, 0.010608911514282227, 0.01040196418762207, 0.010164499282836914, 0.010615348815917969, 0.010512828826904297, 0.010574579238891602, 0.0105743408203125, 0.010250329971313477, 0.010061979293823242, 0.010362863540649414, 0.010180950164794922, 0.010864734649658203, 0.010673284530639648, 0.010666608810424805, 0.010538339614868164, 0.010155677795410156, 0.01083993911743164, 0.010146141052246094, 0.010800838470458984, 0.01031351089477539, 0.010588884353637695, 0.010978221893310547, 0.010853767395019531, 0.010736703872680664, 0.010942935943603516], "conv_recv": [0.0005092620849609375, 0.00040721893310546875, 0.0004162788391113281, 0.0004138946533203125, 0.00033926963806152344, 0.0004165172576904297, 0.0003311634063720703, 0.0003409385681152344, 0.0003981590270996094, 0.00035309791564941406, 0.0004978179931640625, 0.0004131793975830078, 0.0003814697265625, 0.00045800209045410156, 0.0003273487091064453, 0.0003330707550048828, 0.00042319297790527344, 0.0003643035888671875, 0.0004062652587890625, 0.0005743503570556641, 0.00031685829162597656, 0.0003261566162109375, 0.0003731250762939453, 0.00033164024353027344, 0.0003292560577392578, 0.0005207061767578125, 0.0003376007080078125, 0.0003905296325683594, 0.00046324729919433594, 0.0003275871276855469, 0.00032782554626464844, 0.00055694580078125, 0.000339508056640625, 0.0003380775451660156, 0.00034046173095703125, 0.0004177093505859375, 0.0003466606140136719, 0.00035071372985839844, 0.000396728515625, 0.0003895759582519531, 0.0003380775451660156], "epochs": [29.497984170913696, 18.839491844177246, 20.13685965538025, 20.16902256011963, 20.53493595123291, 18.902841567993164, 20.950453281402588, 20.616384029388428, 21.114686727523804, 18.88602042198181, 20.84319233894348, 21.073726177215576, 20.63970398902893, 20.996561288833618, 22.803592681884766, 19.137284517288208, 19.188952445983887, 20.711018800735474, 21.053154468536377, 22.46157217025757, 19.035430669784546, 21.07101535797119, 20.53713893890381, 19.015081644058228, 21.12634825706482, 20.72732710838318, 19.027989387512207, 19.15597176551819, 20.919940948486328, 20.692543029785156, 19.086398601531982, 21.091899156570435, 20.93045687675476, 20.382882833480835, 22.564064025878906, 20.951186418533325, 22.399071216583252, 20.799453496932983, 20.67732572555542, 20.968825817108154, 20.86858081817627]}}