{"times": {"train": [16.19885802268982, 10.108535766601562, 11.654828071594238, 11.860028505325317, 13.311639785766602, 10.036121845245361, 11.779577493667603, 9.943723440170288, 11.671118974685669, 11.877517223358154, 10.111306190490723, 10.095396995544434, 11.77448296546936, 10.07737946510315, 15.362857103347778, 10.075673818588257, 11.913904905319214, 10.13562798500061, 11.687372207641602, 15.361960887908936, 10.172061920166016, 10.006808996200562, 10.123337745666504, 10.01695203781128, 9.968281745910645, 10.150399923324585, 10.100799798965454, 11.663005352020264, 10.079887628555298, 11.714629888534546, 10.201953887939453, 11.896926164627075, 11.863115072250366, 11.65293288230896, 13.594740152359009, 10.02552604675293, 13.676419496536255, 11.749950885772705, 11.779834270477295, 11.796899318695068, 10.087731838226318], "comm_send": [0.00030732154846191406, 0.00030350685119628906, 0.0002541542053222656, 0.00024390220642089844, 0.0002639293670654297, 0.00023794174194335938, 0.00023245811462402344, 0.00022864341735839844, 0.00023484230041503906, 0.0002281665802001953, 0.00027179718017578125, 0.00026154518127441406, 0.000255584716796875, 0.0002465248107910156, 0.00026226043701171875, 0.00029206275939941406, 0.0002448558807373047, 0.00022268295288085938, 0.0002295970916748047, 0.0002779960632324219, 0.00029969215393066406, 0.00024008750915527344, 0.0002703666687011719, 0.0002777576446533203, 0.0002665519714355469, 0.00031375885009765625, 0.0002567768096923828, 0.00023221969604492188, 0.0003218650817871094, 0.00023436546325683594, 0.0002307891845703125, 0.0002319812774658203, 0.0002455711364746094, 0.0002384185791015625, 0.0002837181091308594, 0.0002503395080566406, 0.00025963783264160156, 0.0002529621124267578, 0.00022912025451660156, 0.00022912025451660156, 0.00029730796813964844], "comm_recv": [13.26779842376709, 8.707526683807373, 8.453509092330933, 8.282745122909546, 7.196867942810059, 8.837997436523438, 9.14479947090149, 10.64612340927124, 9.415295600891113, 6.981275320053101, 10.704700708389282, 10.95111894607544, 8.838444232940674, 10.891503810882568, 7.413850545883179, 9.034650802612305, 7.245862722396851, 10.549753665924072, 9.33971619606018, 7.070945739746094, 8.838006734848022, 11.038394927978516, 10.38624358177185, 8.972620487213135, 11.131502389907837, 10.548277378082275, 8.901051759719849, 7.466408967971802, 10.775099515914917, 8.951226234436035, 8.860929727554321, 9.162879705429077, 9.041516780853271, 8.70314621925354, 8.941273927688599, 10.898757934570312, 8.69505786895752, 9.022176742553711, 8.870748043060303, 9.142382621765137, 10.754128456115723], "conv_send": [0.01068115234375, 0.010529518127441406, 0.010661125183105469, 0.01095271110534668, 0.010442018508911133, 0.010732889175415039, 0.01035451889038086, 0.010544061660766602, 0.010571002960205078, 0.011014938354492188, 0.010668516159057617, 0.010608673095703125, 0.010527610778808594, 0.010841846466064453, 0.010970592498779297, 0.010922670364379883, 0.012215137481689453, 0.010499000549316406, 0.01050710678100586, 0.011086702346801758, 0.01049494743347168, 0.0106048583984375, 0.010538578033447266, 0.010779380798339844, 0.01074838638305664, 0.010890007019042969, 0.010822057723999023, 0.01057124137878418, 0.010934591293334961, 0.010619878768920898, 0.010611534118652344, 0.011236429214477539, 0.010973691940307617, 0.010646581649780273, 0.011147260665893555, 0.010888814926147461, 0.011067628860473633, 0.010544300079345703, 0.010527372360229492, 0.010518074035644531, 0.01093292236328125], "conv_recv": [0.00041222572326660156, 0.0006163120269775391, 0.0003299713134765625, 0.0004622936248779297, 0.0007355213165283203, 0.0004124641418457031, 0.00039458274841308594, 0.0004341602325439453, 0.0004134178161621094, 0.00037932395935058594, 0.0006005764007568359, 0.0003581047058105469, 0.0003390312194824219, 0.0005812644958496094, 0.00034737586975097656, 0.0003743171691894531, 0.00035381317138671875, 0.0003566741943359375, 0.0003559589385986328, 0.000392913818359375, 0.0003273487091064453, 0.0003616809844970703, 0.0003821849822998047, 0.00035691261291503906, 0.00036025047302246094, 0.0005080699920654297, 0.00033283233642578125, 0.0003376007080078125, 0.00038242340087890625, 0.00037288665771484375, 0.0003628730773925781, 0.00036644935607910156, 0.00034165382385253906, 0.00038242340087890625, 0.0003364086151123047, 0.00038743019104003906, 0.0004305839538574219, 0.00035500526428222656, 0.0003833770751953125, 0.0006222724914550781, 0.00034928321838378906], "epochs": [29.493833780288696, 18.84440279006958, 20.1355881690979, 20.17015051841736, 20.536592483520508, 18.901665925979614, 20.950948238372803, 20.61816644668579, 21.113473653793335, 18.886308908462524, 20.844358205795288, 21.073344469070435, 20.63980007171631, 20.99721384048462, 22.803818702697754, 19.13726806640625, 19.188599348068237, 20.711920738220215, 21.053714752197266, 22.460465908050537, 19.036620140075684, 21.071687936782837, 20.536447048187256, 19.01631999015808, 21.126593589782715, 20.726186752319336, 19.028731107711792, 19.192874670028687, 20.88233470916748, 20.692522287368774, 19.08966064453125, 21.087402820587158, 20.931761264801025, 20.382770776748657, 22.563427686691284, 20.951460123062134, 22.39909553527832, 20.798804998397827, 20.677628755569458, 20.96770167350769, 20.86927628517151]}}