{"times": {"train": [17.539801120758057, 9.876646518707275, 9.770792007446289, 13.163527250289917, 11.598745107650757, 11.591246604919434, 11.630935668945312, 9.684351682662964, 9.785856246948242, 9.828871250152588, 9.854265928268433, 9.801109552383423, 13.55133605003357, 9.881291627883911, 11.544302940368652, 11.728579998016357, 10.046868324279785, 9.930518388748169, 9.818019390106201, 11.698257207870483, 10.04049825668335, 9.861951351165771, 9.950160026550293, 11.615054607391357, 11.509331464767456, 9.925961256027222, 11.58647346496582, 9.833586692810059, 9.80376148223877, 9.901089906692505, 11.547207832336426, 13.647915840148926, 9.867563247680664, 13.150259017944336, 11.72628116607666, 11.479894161224365, 9.707014322280884, 11.651447772979736, 9.814592123031616, 11.747131824493408, 11.70528769493103], "comm_send": [0.0002655982971191406, 0.00026106834411621094, 0.00024580955505371094, 0.0002262592315673828, 0.00030159950256347656, 0.0002510547637939453, 0.0002474784851074219, 0.0002543926239013672, 0.0002799034118652344, 0.00026607513427734375, 0.00028824806213378906, 0.0002651214599609375, 0.00022864341735839844, 0.00027871131896972656, 0.00023317337036132812, 0.00024127960205078125, 0.0002493858337402344, 0.0003285408020019531, 0.0002586841583251953, 0.00026726722717285156, 0.0002455711364746094, 0.0002715587615966797, 0.000244140625, 0.0002307891845703125, 0.00024628639221191406, 0.0002593994140625, 0.00023865699768066406, 0.00029468536376953125, 0.0002503395080566406, 0.0003006458282470703, 0.00027179718017578125, 0.00023293495178222656, 0.0002541542053222656, 0.00024056434631347656, 0.00025773048400878906, 0.00023484230041503906, 0.00028443336486816406, 0.00026297569274902344, 0.0002601146697998047, 0.00023365020751953125, 0.00023984909057617188], "comm_recv": [11.93241024017334, 8.935804843902588, 10.339935779571533, 6.980014085769653, 8.909046649932861, 7.285337686538696, 9.293636560440063, 10.907678604125977, 11.300687789916992, 9.031218528747559, 10.9607834815979, 11.247269868850708, 7.062283992767334, 11.086614608764648, 11.234786748886108, 7.381367444992065, 9.114425897598267, 10.75554370880127, 11.209474325180054, 10.735265970230103, 8.969508171081543, 11.183300495147705, 10.559956550598145, 7.375325679779053, 9.59092092514038, 10.773927927017212, 7.416653156280518, 9.295678615570068, 11.088932752609253, 10.765974044799805, 7.513199329376221, 7.416200876235962, 11.037697076797485, 7.206814289093018, 10.810694694519043, 9.445698022842407, 12.665868282318115, 9.121588230133057, 10.836297035217285, 9.191074132919312, 9.139049053192139], "conv_send": [0.0103302001953125, 0.010504484176635742, 0.010579109191894531, 0.010080099105834961, 0.010685443878173828, 0.010113000869750977, 0.010236501693725586, 0.010230064392089844, 0.010712385177612305, 0.010515928268432617, 0.010508537292480469, 0.010547161102294922, 0.01054692268371582, 0.010748863220214844, 0.01011514663696289, 0.011870384216308594, 0.010440587997436523, 0.010334968566894531, 0.010513067245483398, 0.01042795181274414, 0.01075124740600586, 0.010603189468383789, 0.01056051254272461, 0.010169506072998047, 0.010460138320922852, 0.010378599166870117, 0.010151386260986328, 0.010724782943725586, 0.01055598258972168, 0.010672330856323242, 0.010411977767944336, 0.010732173919677734, 0.010648965835571289, 0.010226249694824219, 0.011023998260498047, 0.010168790817260742, 0.010378122329711914, 0.010822057723999023, 0.01055002212524414, 0.010947704315185547, 0.01067495346069336], "conv_recv": [0.0004711151123046875, 0.0003466606140136719, 0.00038123130798339844, 0.0005266666412353516, 0.0003509521484375, 0.0004508495330810547, 0.0004220008850097656, 0.0003192424774169922, 0.0003592967987060547, 0.00038695335388183594, 0.00043392181396484375, 0.0003960132598876953, 0.0005452632904052734, 0.0003218650817871094, 0.000331878662109375, 0.0004222393035888672, 0.00046324729919433594, 0.00043773651123046875, 0.0004730224609375, 0.0004241466522216797, 0.00033020973205566406, 0.0003631114959716797, 0.0003719329833984375, 0.00033402442932128906, 0.00040268898010253906, 0.0003249645233154297, 0.000354766845703125, 0.0003731250762939453, 0.00035834312438964844, 0.00033354759216308594, 0.0003590583801269531, 0.0003311634063720703, 0.0003705024719238281, 0.0003590583801269531, 0.0003771781921386719, 0.0003795623779296875, 0.0003666877746582031, 0.0003223419189453125, 0.0005955696105957031, 0.0003380775451660156, 0.0004048347473144531], "epochs": [29.498746156692505, 18.838658094406128, 20.137194871902466, 20.169915914535522, 20.534212112426758, 18.902851581573486, 20.950732946395874, 20.617754697799683, 21.112785577774048, 18.8874568939209, 20.841235160827637, 21.074528694152832, 20.64085078239441, 20.994241952896118, 22.8048415184021, 19.137479782104492, 19.187663316726685, 20.71198058128357, 21.054083585739136, 22.459729433059692, 19.03618836402893, 21.071472883224487, 20.53621745109558, 19.01603937149048, 21.126295566558838, 20.726029634475708, 19.028676986694336, 19.15545415878296, 20.918760299682617, 20.693259716033936, 19.08646821975708, 21.09061050415039, 20.931424140930176, 20.38283348083496, 22.56356143951416, 20.951326847076416, 22.399057388305664, 20.799410820007324, 20.678751945495605, 20.964889764785767, 20.870980262756348]}}