{"times": {"train": [19.896697521209717, 11.760632991790771, 11.893685340881348, 10.104704141616821, 11.717015981674194, 10.112479448318481, 13.682288646697998, 13.320596694946289, 10.166364908218384, 10.180421113967896, 10.156343221664429, 13.629521131515503, 10.041062831878662, 10.149969577789307, 10.109806299209595, 11.738726139068604, 10.250697612762451, 13.237846612930298, 11.830961227416992, 10.053028583526611, 11.996397495269775, 10.127062559127808, 10.227709770202637, 11.783047676086426, 10.094366788864136, 11.968710899353027, 10.242501497268677, 11.773801326751709, 10.186570167541504, 12.080034255981445, 12.048218250274658, 13.706697225570679, 11.765081405639648, 10.16882586479187, 11.813378810882568, 10.178106546401978, 13.679358720779419, 11.812176704406738, 11.843968391418457, 13.668882131576538, 10.19100284576416], "comm_send": [0.0003669261932373047, 0.00024366378784179688, 0.00023651123046875, 0.00023055076599121094, 0.00023221969604492188, 0.00025081634521484375, 0.0002357959747314453, 0.0002353191375732422, 0.0002396106719970703, 0.0002665519714355469, 0.0002262592315673828, 0.00023555755615234375, 0.0002446174621582031, 0.00028228759765625, 0.00027060508728027344, 0.0002276897430419922, 0.00023365020751953125, 0.00024366378784179688, 0.00022459030151367188, 0.00023627281188964844, 0.00030159950256347656, 0.00023365020751953125, 0.0002315044403076172, 0.00042247772216796875, 0.0002377033233642578, 0.00024271011352539062, 0.00028133392333984375, 0.0002319812774658203, 0.0002872943878173828, 0.00025343894958496094, 0.0002315044403076172, 0.00023651123046875, 0.0005049705505371094, 0.00023126602172851562, 0.00023055076599121094, 0.0004172325134277344, 0.0002455711364746094, 0.00023365020751953125, 0.0002570152282714844, 0.0002307891845703125, 0.0002493858337402344], "comm_recv": [9.572730302810669, 7.051394462585449, 8.215717077255249, 10.035383224487305, 8.790780305862427, 8.76320195198059, 7.23912787437439, 7.268655300140381, 10.921411275863647, 8.67759656906128, 10.658921241760254, 7.417628288269043, 10.570465564727783, 10.818644046783447, 12.668202877044678, 7.370712518692017, 8.91012954711914, 7.447098970413208, 9.19373893737793, 12.380460739135742, 7.012063503265381, 10.917616844177246, 10.281759262084961, 7.205605983734131, 11.004997730255127, 8.729867696762085, 8.75927448272705, 7.354874134063721, 10.705186605453491, 8.585653066635132, 7.010267972946167, 7.356187105178833, 9.139047384262085, 10.186908483505249, 10.723325252532959, 10.745719909667969, 8.691797733306885, 8.959571838378906, 8.80593752861023, 7.269840240478516, 10.652639150619507], "conv_send": [0.011400699615478516, 0.010529279708862305, 0.011071205139160156, 0.010754585266113281, 0.01081538200378418, 0.010596513748168945, 0.01130056381225586, 0.01056814193725586, 0.010728120803833008, 0.010725975036621094, 0.010629892349243164, 0.011170148849487305, 0.010926246643066406, 0.010726690292358398, 0.010584354400634766, 0.01070261001586914, 0.010487556457519531, 0.010787248611450195, 0.012200355529785156, 0.010776519775390625, 0.0112762451171875, 0.010570287704467773, 0.010575294494628906, 0.010832548141479492, 0.01075601577758789, 0.01108241081237793, 0.010880231857299805, 0.010646343231201172, 0.01076650619506836, 0.011260032653808594, 0.011254072189331055, 0.011110544204711914, 0.010811090469360352, 0.010665416717529297, 0.010549783706665039, 0.01070857048034668, 0.011179685592651367, 0.01130819320678711, 0.010627508163452148, 0.011080026626586914, 0.010671854019165039], "conv_recv": [0.0004742145538330078, 0.0003814697265625, 0.0006971359252929688, 0.0004825592041015625, 0.00041031837463378906, 0.0004658699035644531, 0.00036406517028808594, 0.00034046173095703125, 0.0005772113800048828, 0.0003650188446044922, 0.0003781318664550781, 0.0006396770477294922, 0.000408172607421875, 0.0003426074981689453, 0.0004246234893798828, 0.0003504753112792969, 0.0005953311920166016, 0.0004057884216308594, 0.000530242919921875, 0.0005443096160888672, 0.00048613548278808594, 0.00039577484130859375, 0.0003681182861328125, 0.00038504600524902344, 0.00035643577575683594, 0.0003819465637207031, 0.00037860870361328125, 0.0003790855407714844, 0.0003826618194580078, 0.0003407001495361328, 0.00039267539978027344, 0.0003459453582763672, 0.0003757476806640625, 0.0003974437713623047, 0.0004000663757324219, 0.0004570484161376953, 0.0003542900085449219, 0.00038361549377441406, 0.0004036426544189453, 0.0003521442413330078, 0.0005848407745361328], "epochs": [29.497445583343506, 18.839072465896606, 20.138920545578003, 20.167374849319458, 20.535233736038208, 18.904115915298462, 20.949132204055786, 20.616047620773315, 21.115756511688232, 18.885370016098022, 20.84236454963684, 21.07541584968567, 20.638782024383545, 20.99562096595764, 22.80591058731079, 19.136180639266968, 19.187796115875244, 20.712262392044067, 21.05315923690796, 22.46076774597168, 19.036179542541504, 21.071427583694458, 20.536465644836426, 19.015968322753906, 21.12628197669983, 20.726174116134644, 19.028894424438477, 19.15540885925293, 20.918903350830078, 20.693217992782593, 19.086169004440308, 21.09027338027954, 20.931413412094116, 20.382593393325806, 22.563546180725098, 20.95114040374756, 22.398763179779053, 20.79923367500305, 20.677146196365356, 20.966150522232056, 20.873021125793457]}}