{"acc": [0.5307516169204194, 0.6288380937077358, 0.6438356164383562, 0.6544142262215616, 0.7132259403580659, 0.818583537540674, 0.9093319407062226, 0.9098675665180305, 0.9098943478086209, 0.9098943478086209, 0.9099077384539161, 0.9099077384539161, 0.9099077384539161, 0.9099077384539161, 0.9099077384539161, 0.9099077384539161, 0.9099077384539161, 0.9099077384539161, 0.9099077384539161, 0.9099077384539161, 0.9099077384539161, 0.9099077384539161, 0.9099077384539161, 0.9099077384539161, 0.9099077384539161, 0.9099077384539161, 0.9099077384539161, 0.9099077384539161, 0.9099077384539161, 0.9099077384539161, 0.9099077384539161, 0.9099077384539161], "mcc": [0.2863407068790362, 0.4994700294493982, 0.5423191429945154, 0.5394885126349582, 0.577657571617681, 0.7331806626607853, 0.8737435737943371, 0.874522582431634, 0.8745677612891735, 0.8745677612891735, 0.8745919161149338, 0.8745919161149338, 0.8745919161149338, 0.8745919161149338, 0.8745919161149338, 0.8745919161149338, 0.8745919161149338, 0.8745919161149338, 0.8745919161149338, 0.8745919161149338, 0.8745919161149338, 0.8745919161149338, 0.8745919161149338, 0.8745919161149338, 0.8745919161149338, 0.8745919161149338, 0.8745919161149338, 0.8745919161149338, 0.8745919161149338, 0.8745919161149338, 0.8745919161149338, 0.8745919161149338], "f1": [0.4012961774060278, 0.49135018388045565, 0.513669614464913, 0.5588109791663117, 0.6851966636390058, 0.8100847186248373, 0.9162149516527278, 0.9168013098054271, 0.9168276871666112, 0.9168276871666112, 0.9168403779164261, 0.9168403779164261, 0.9168403779164261, 0.9168403779164261, 0.9168403779164261, 0.9168403779164261, 0.9168403779164261, 0.9168403779164261, 0.9168403779164261, 0.9168403779164261, 0.9168403779164261, 0.9168403779164261, 0.9168403779164261, 0.9168403779164261, 0.9168403779164261, 0.9168403779164261, 0.9168403779164261, 0.9168403779164261, 0.9168403779164261, 0.9168403779164261, 0.9168403779164261, 0.9168403779164261], "times": {"epochs": [6.376101493835449, 1.004056692123413, 1.004960536956787, 1.012805461883545, 1.001896858215332, 1.0132012367248535, 1.0129261016845703, 1.0024738311767578, 1.0135242938995361, 1.013864278793335, 1.0055110454559326, 1.0055530071258545, 0.9993124008178711, 1.0075688362121582, 1.008490800857544, 1.0099685192108154, 1.0029642581939697, 0.9832973480224609, 1.0297057628631592, 0.9828765392303467, 0.9903504848480225, 0.9851157665252686, 1.0290718078613281, 0.9939019680023193, 1.0179903507232666, 1.0041522979736328, 1.0025908946990967, 0.9872379302978516, 0.9925272464752197, 1.0030322074890137, 0.9917728900909424, 1.0460968017578125], "global_times": [7.706108331680298, 8.710701704025269, 9.715919017791748, 10.728976249694824, 11.731118202209473, 12.744573593139648, 13.757808923721313, 14.760547876358032, 15.7743558883667, 16.788477897644043, 17.79425549507141, 18.80006742477417, 19.799646615982056, 20.80750274658203, 21.81627607345581, 22.82650375366211, 23.82973623275757, 24.813283920288086, 25.84323787689209, 26.826362371444702, 27.81695556640625, 28.802313566207886, 29.831636905670166, 30.825817823410034, 31.844058752059937, 32.848474979400635, 33.8513503074646, 34.83883571624756, 35.83161020278931, 36.83490800857544, 37.826942682266235, 38.8732750415802]}}