{"times": {"train": [10.828540802001953, 6.660203218460083, 7.022148847579956, 6.948110103607178, 6.686584949493408, 6.721268177032471, 6.666759014129639, 6.650739669799805, 6.7299864292144775, 7.0141613483428955, 6.9455485343933105, 7.005749225616455, 7.251440763473511, 6.985680818557739, 6.651110410690308, 7.395403146743774, 6.764731168746948, 6.71938681602478, 7.061488628387451, 6.950104236602783, 7.116710901260376, 6.661056041717529, 6.963420152664185, 6.659667253494263, 6.680199146270752, 6.747400283813477, 6.70199728012085, 7.013238191604614, 6.667845249176025, 6.6392059326171875, 6.741438388824463, 7.060818433761597, 6.7577736377716064, 7.075623035430908, 6.7237396240234375, 6.714725971221924, 7.062284708023071, 7.037014007568359, 7.373729944229126, 7.319577217102051, 6.622950077056885, 6.928096294403076, 6.937150955200195, 6.589984178543091, 7.3775434494018555, 6.9261627197265625, 6.942653656005859, 6.994147062301636, 6.9224183559417725, 7.423004865646362, 6.60259222984314, 7.0590760707855225, 7.336279392242432, 7.058636903762817, 7.025932312011719, 6.990036249160767, 6.966521263122559, 6.933475494384766, 6.661094903945923, 6.990727663040161], "comm_send": [0.0001914501190185547, 0.00018286705017089844, 0.00021505355834960938, 0.0001842975616455078, 0.00018906593322753906, 0.000186920166015625, 0.0001971721649169922, 0.0001938343048095703, 0.00018072128295898438, 0.0002148151397705078, 0.00017189979553222656, 0.00021123886108398438, 0.0001957416534423828, 0.00021457672119140625, 0.00018453598022460938, 0.00020360946655273438, 0.0001900196075439453, 0.00019550323486328125, 0.00023889541625976562, 0.00025081634521484375, 0.00019979476928710938, 0.00021004676818847656, 0.0001914501190185547, 0.00017881393432617188, 0.00018310546875, 0.0001838207244873047, 0.00018453598022460938, 0.000194549560546875, 0.0001862049102783203, 0.0001881122589111328, 0.0001811981201171875, 0.00019788742065429688, 0.00017905235290527344, 0.0001862049102783203, 0.00019025802612304688, 0.000202178955078125, 0.0004432201385498047, 0.00018668174743652344, 0.000202178955078125, 0.0002105236053466797, 0.0001804828643798828, 0.0001850128173828125, 0.00018215179443359375, 0.00019812583923339844, 0.0001957416534423828, 0.0005185604095458984, 0.0002741813659667969, 0.00020170211791992188, 0.0001888275146484375, 0.00019502639770507812, 0.00017571449279785156, 0.00019288063049316406, 0.0002448558807373047, 0.00021767616271972656, 0.0002601146697998047, 0.00019788742065429688, 0.000202178955078125, 0.0002231597900390625, 0.00020265579223632812, 0.00023126602172851562], "comm_recv": [0.0018563270568847656, 1.1978192329406738, 0.0018033981323242188, 0.0017163753509521484, 0.21305298805236816, 1.4705278873443604, 0.0017392635345458984, 0.6967942714691162, 0.09386467933654785, 0.14174985885620117, 0.7455282211303711, 0.0013773441314697266, 0.0018012523651123047, 0.001857757568359375, 0.09392762184143066, 0.4464578628540039, 0.0016705989837646484, 0.5280566215515137, 0.0018129348754882812, 0.0017650127410888672, 0.0018420219421386719, 0.24843621253967285, 0.00170135498046875, 0.6107490062713623, 0.12486553192138672, 0.10928010940551758, 0.17123079299926758, 0.0016717910766601562, 0.16742777824401855, 0.7162694931030273, 0.3625030517578125, 0.0018260478973388672, 0.5435287952423096, 0.0018994808197021484, 0.23728060722351074, 0.41837048530578613, 0.0024492740631103516, 0.0016338825225830078, 0.0018508434295654297, 0.0016951560974121094, 0.03083658218383789, 0.001373291015625, 0.1101386547088623, 0.7578990459442139, 0.0020453929901123047, 0.0021588802337646484, 0.0019011497497558594, 0.0017647743225097656, 0.3210463523864746, 0.0019288063049316406, 0.0773622989654541, 0.0018396377563476562, 0.0019683837890625, 0.001943349838256836, 0.001756429672241211, 0.00186920166015625, 0.001828908920288086, 0.0017962455749511719, 0.0018846988677978516, 0.0021076202392578125], "conv_send": [0.006713390350341797, 0.006690502166748047, 0.008140802383422852, 0.00680851936340332, 0.006686687469482422, 0.009922266006469727, 0.006817340850830078, 0.006888389587402344, 0.006628990173339844, 0.006551265716552734, 0.006619691848754883, 0.006902217864990234, 0.006832122802734375, 0.006803750991821289, 0.006588459014892578, 0.007022380828857422, 0.006839752197265625, 0.006874561309814453, 0.007231712341308594, 0.0069348812103271484, 0.007189035415649414, 0.006577253341674805, 0.006808280944824219, 0.006597995758056641, 0.00666356086730957, 0.006666421890258789, 0.006717681884765625, 0.006955385208129883, 0.009054899215698242, 0.006826162338256836, 0.006768465042114258, 0.0072193145751953125, 0.006560325622558594, 0.0071713924407958984, 0.00666499137878418, 0.006585597991943359, 0.007189035415649414, 0.0070629119873046875, 0.007303714752197266, 0.006927490234375, 0.006597042083740234, 0.00681304931640625, 0.0065364837646484375, 0.006777524948120117, 0.007208585739135742, 0.007005929946899414, 0.0069904327392578125, 0.006910800933837891, 0.00663447380065918, 0.007217884063720703, 0.006542682647705078, 0.0067479610443115234, 0.007170438766479492, 0.0073909759521484375, 0.00731205940246582, 0.0072116851806640625, 0.0070073604583740234, 0.007007598876953125, 0.006791114807128906, 0.007209300994873047], "conv_recv": [0.000209808349609375, 0.0002834796905517578, 0.00025963783264160156, 0.0002841949462890625, 0.0002994537353515625, 0.00029540061950683594, 0.00023293495178222656, 0.00034165382385253906, 0.0002796649932861328, 0.0002741813659667969, 0.00031065940856933594, 0.00022172927856445312, 0.0002522468566894531, 0.00022673606872558594, 0.0002758502960205078, 0.0002818107604980469, 0.0002880096435546875, 0.00027632713317871094, 0.0002772808074951172, 0.00032448768615722656, 0.00032019615173339844, 0.0002818107604980469, 0.0002415180206298828, 0.0002880096435546875, 0.0002846717834472656, 0.00028514862060546875, 0.00028824806213378906, 0.00023555755615234375, 0.0003027915954589844, 0.0002906322479248047, 0.00028777122497558594, 0.00024080276489257812, 0.00032973289489746094, 0.00023365020751953125, 0.0003256797790527344, 0.0003452301025390625, 0.000263214111328125, 0.00022220611572265625, 0.00023818016052246094, 0.00023293495178222656, 0.00022840499877929688, 0.0003848075866699219, 0.0003306865692138672, 0.0002872943878173828, 0.00024008750915527344, 0.00028777122497558594, 0.0002429485321044922, 0.0002338886260986328, 0.0003428459167480469, 0.00023484230041503906, 0.0002613067626953125, 0.00023031234741210938, 0.00024318695068359375, 0.000301361083984375, 0.0002319812774658203, 0.0002372264862060547, 0.00023674964904785156, 0.00023245811462402344, 0.0002624988555908203, 0.0003292560577392578], "epochs": [10.853074312210083, 7.881509780883789, 7.048632860183716, 6.972917556762695, 6.922833442687988, 8.218215227127075, 6.6916468143463135, 7.370771646499634, 6.847042083740234, 7.1787004470825195, 7.714032411575317, 7.0301737785339355, 7.276387929916382, 7.010613441467285, 6.767848491668701, 7.86545205116272, 6.7894182205200195, 7.270546197891235, 7.087188720703125, 6.975344181060791, 7.142218112945557, 6.932270765304565, 6.988243103027344, 7.293320178985596, 6.828005790710449, 6.879636287689209, 6.896221160888672, 7.0383617877960205, 6.861002206802368, 7.378532409667969, 7.127511501312256, 7.086406707763672, 7.324434518814087, 7.100728511810303, 6.983893394470215, 7.156108617782593, 7.0881757736206055, 7.061637878417969, 7.399451494216919, 7.344667911529541, 6.676860570907593, 6.952229976654053, 7.070158958435059, 7.370930194854736, 7.403028249740601, 6.952305316925049, 6.968417644500732, 7.019246578216553, 7.2680747509002686, 7.448772192001343, 6.750828266143799, 7.083686113357544, 7.362039566040039, 7.084798097610474, 7.051412343978882, 7.015567779541016, 6.991861343383789, 6.958723306655884, 6.685980319976807, 7.017225503921509]}}