{"times": {"train": [11.2584228515625, 6.931383848190308, 6.876152515411377, 7.276694059371948, 6.414757966995239, 6.7894065380096436, 7.258560657501221, 6.75451922416687, 6.817613124847412, 6.775440454483032, 7.289327144622803, 7.2575483322143555, 6.881691932678223, 6.411401748657227, 6.440198183059692, 6.404491901397705, 6.809103012084961, 6.45151424407959, 6.4610350131988525, 6.830333232879639, 6.860278367996216, 6.4203057289123535, 6.880031108856201, 6.430515766143799, 6.449299573898315, 6.414363861083984, 6.849114894866943, 6.867522716522217, 6.469080209732056, 6.441705942153931, 6.515029668807983, 6.560132265090942, 6.528647184371948, 6.562520980834961, 6.798954486846924, 6.489171266555786, 6.917731523513794, 6.942403316497803, 6.916738748550415, 7.292446136474609, 6.823070287704468, 6.419016361236572, 7.305635690689087, 6.476123094558716, 6.856429100036621, 6.510009765625, 6.465038061141968, 6.499020099639893, 6.901809930801392, 6.864423513412476, 6.4733593463897705, 6.485464096069336, 6.424769401550293, 6.837975025177002, 6.431297302246094, 6.3842573165893555, 6.8502585887908936, 6.471052169799805, 6.532443046569824, 6.42541241645813], "comm_send": [0.00019621849060058594, 0.0004177093505859375, 0.00018715858459472656, 0.00019598007202148438, 0.00019311904907226562, 0.00018072128295898438, 0.00019884109497070312, 0.00018596649169921875, 0.0001785755157470703, 0.00018787384033203125, 0.00019240379333496094, 0.00020575523376464844, 0.00020074844360351562, 0.00018215179443359375, 0.00019621849060058594, 0.0002155303955078125, 0.00018525123596191406, 0.00020575523376464844, 0.0001990795135498047, 0.00017976760864257812, 0.00019359588623046875, 0.00019788742065429688, 0.00019168853759765625, 0.00022792816162109375, 0.00020503997802734375, 0.0001888275146484375, 0.00018072128295898438, 0.0002200603485107422, 0.00018978118896484375, 0.00019288063049316406, 0.00026106834411621094, 0.00020051002502441406, 0.0001971721649169922, 0.00020432472229003906, 0.0001811981201171875, 0.0002589225769042969, 0.000209808349609375, 0.00018095970153808594, 0.00018453598022460938, 0.000194549560546875, 0.0001785755157470703, 0.00019502639770507812, 0.0001862049102783203, 0.00020122528076171875, 0.00021719932556152344, 0.00020551681518554688, 0.0001900196075439453, 0.00019288063049316406, 0.00018358230590820312, 0.0001876354217529297, 0.00019240379333496094, 0.00019121170043945312, 0.0003380775451660156, 0.0001838207244873047, 0.0001995563507080078, 0.00020051002502441406, 0.00018143653869628906, 0.0001888275146484375, 0.0001964569091796875, 0.00019025802612304688], "comm_recv": [0.0017936229705810547, 0.49994444847106934, 0.0014717578887939453, 0.0019011497497558594, 0.3009457588195801, 1.4048049449920654, 0.0017666816711425781, 0.006065845489501953, 0.007855892181396484, 0.3821227550506592, 0.39702367782592773, 0.0018160343170166016, 0.0018570423126220703, 0.44115233421325684, 0.5637948513031006, 1.4381163120269775, 0.0018036365509033203, 0.7549152374267578, 0.4909782409667969, 0.0013380050659179688, 0.27602601051330566, 0.7072124481201172, 0.05812382698059082, 0.8680455684661865, 0.3569014072418213, 0.4422600269317627, 0.03175806999206543, 0.0017514228820800781, 0.5107734203338623, 0.9137344360351562, 0.5893673896789551, 0.3671870231628418, 0.9070188999176025, 0.2793238162994385, 0.40793824195861816, 0.6455650329589844, 0.0017480850219726562, 0.2156238555908203, 0.2799644470214844, 0.006411552429199219, 0.05874133110046387, 0.28652095794677734, 0.001844167709350586, 0.832690954208374, 0.35723447799682617, 0.4533264636993408, 0.35716867446899414, 0.3948049545288086, 0.7136800289154053, 0.0017926692962646484, 0.7644140720367432, 0.1749720573425293, 0.8818943500518799, 0.28488898277282715, 0.5913262367248535, 0.7612078189849854, 0.0982968807220459, 0.47458744049072266, 0.3792736530303955, 0.33603525161743164], "conv_send": [0.006983280181884766, 0.006830453872680664, 0.006516456604003906, 0.006938934326171875, 0.006452322006225586, 0.006325483322143555, 0.006539344787597656, 0.006256580352783203, 0.006258487701416016, 0.0063016414642333984, 0.006842851638793945, 0.006951808929443359, 0.006939888000488281, 0.006334543228149414, 0.0065288543701171875, 0.0066301822662353516, 0.0064847469329833984, 0.006470680236816406, 0.006751060485839844, 0.006415367126464844, 0.006864309310913086, 0.006615638732910156, 0.006830453872680664, 0.006553173065185547, 0.0065534114837646484, 0.006583690643310547, 0.006262779235839844, 0.00722813606262207, 0.006468534469604492, 0.006674766540527344, 0.006685972213745117, 0.006716489791870117, 0.006597757339477539, 0.006597995758056641, 0.006567955017089844, 0.006734371185302734, 0.006890058517456055, 0.0068547725677490234, 0.0065767765045166016, 0.00671839714050293, 0.006321907043457031, 0.006691455841064453, 0.006945133209228516, 0.006876707077026367, 0.006585597991943359, 0.0066394805908203125, 0.006764888763427734, 0.006595611572265625, 0.006964921951293945, 0.0065326690673828125, 0.0066568851470947266, 0.006616830825805664, 0.0066776275634765625, 0.00650477409362793, 0.00667881965637207, 0.00659632682800293, 0.006913423538208008, 0.006690025329589844, 0.006638050079345703, 0.00676274299621582], "conv_recv": [0.00020956993103027344, 0.0003147125244140625, 0.00021600723266601562, 0.00022339820861816406, 0.0002722740173339844, 0.00026917457580566406, 0.0002117156982421875, 0.0002453327178955078, 0.0002186298370361328, 0.0002741813659667969, 0.00029397010803222656, 0.00032901763916015625, 0.00022029876708984375, 0.00026988983154296875, 0.0002765655517578125, 0.0002894401550292969, 0.0002694129943847656, 0.0002703666687011719, 0.0003058910369873047, 0.0002110004425048828, 0.0002715587615966797, 0.0002779960632324219, 0.00027680397033691406, 0.00027823448181152344, 0.0002739429473876953, 0.00032711029052734375, 0.00026106834411621094, 0.0003809928894042969, 0.0002853870391845703, 0.0002846717834472656, 0.0002849102020263672, 0.00027632713317871094, 0.0002872943878173828, 0.00027823448181152344, 0.00028824806213378906, 0.00030517578125, 0.00026869773864746094, 0.00028061866760253906, 0.00034880638122558594, 0.00029397010803222656, 0.0002548694610595703, 0.0002837181091308594, 0.00022149085998535156, 0.00028777122497558594, 0.0002815723419189453, 0.0002789497375488281, 0.00027823448181152344, 0.0002815723419189453, 0.00028014183044433594, 0.00022459030151367188, 0.0002808570861816406, 0.0003199577331542969, 0.00044608116149902344, 0.0002827644348144531, 0.00028967857360839844, 0.00033855438232421875, 0.00028133392333984375, 0.0002815723419189453, 0.00028228759765625, 0.0002799034118652344], "epochs": [11.283645629882812, 7.454406499862671, 6.899580240249634, 7.301100730895996, 6.738054037094116, 8.215999841690063, 7.282289028167725, 6.782070636749268, 6.84697413444519, 7.179349422454834, 7.709060430526733, 7.2823264598846436, 6.906121253967285, 6.8746654987335205, 7.026074409484863, 7.86489462852478, 6.832973003387451, 7.22847056388855, 6.974517345428467, 6.853214263916016, 7.15881609916687, 7.149718523025513, 6.960875511169434, 7.3207807540893555, 6.828610181808472, 6.878912687301636, 6.902592897415161, 6.892867803573608, 7.002129077911377, 7.377890348434448, 7.126928329467773, 6.949737548828125, 7.4583024978637695, 6.864291667938232, 7.22910475730896, 7.157381772994995, 6.942009687423706, 7.180471658706665, 7.219031810760498, 7.321715831756592, 6.903683662414551, 6.72805643081665, 7.3303093910217285, 7.331481218338013, 7.235941648483276, 6.98577618598938, 6.844743013381958, 6.916168928146362, 7.638162612915039, 6.888352394104004, 7.2601728439331055, 6.6828625202178955, 7.32964301109314, 7.145107746124268, 7.044935464859009, 7.167841911315918, 6.971106290817261, 6.9681174755096436, 6.934096097946167, 6.783972501754761]}}