{"times": {"train": [11.064377069473267, 6.925210475921631, 6.625286817550659, 7.007821798324585, 7.018188953399658, 6.931670427322388, 6.677529573440552, 6.9370551109313965, 6.671508312225342, 6.943962097167969, 6.660824537277222, 6.678430080413818, 6.583626985549927, 6.933842420578003, 6.63784122467041, 6.912652492523193, 7.005656957626343, 7.370333671569824, 6.6690332889556885, 6.67703652381897, 6.911843776702881, 6.642178535461426, 7.268984317779541, 6.88076639175415, 6.655325174331665, 6.636226654052734, 6.731448411941528, 6.957776784896851, 7.231914043426514, 6.983944654464722, 6.949087619781494, 6.702428102493286, 6.948248863220215, 6.696321487426758, 6.648743152618408, 6.652001857757568, 7.373996019363403, 7.038132667541504, 6.72294807434082, 6.601908206939697, 7.004904747009277, 7.3105902671813965, 6.641607999801636, 7.6770830154418945, 6.614227056503296, 7.010350704193115, 6.961558818817139, 7.054471969604492, 6.908600568771362, 6.710242986679077, 6.660756826400757, 6.62180495262146, 6.908553123474121, 6.595789194107056, 6.593210935592651, 7.244343996047974, 6.964532852172852, 6.6553874015808105, 6.642018556594849, 6.660262823104858], "comm_send": [0.0002300739288330078, 0.0001747608184814453, 0.0001919269561767578, 0.00018143653869628906, 0.0001842975616455078, 0.0001761913299560547, 0.00020503997802734375, 0.00020384788513183594, 0.0002644062042236328, 0.00020456314086914062, 0.00018858909606933594, 0.000179290771484375, 0.00019621849060058594, 0.000179290771484375, 0.0001857280731201172, 0.0001800060272216797, 0.00020384788513183594, 0.0002086162567138672, 0.00019288063049316406, 0.00018787384033203125, 0.00018286705017089844, 0.00018668174743652344, 0.00020623207092285156, 0.00020813941955566406, 0.00019502639770507812, 0.0002453327178955078, 0.00019073486328125, 0.00020837783813476562, 0.00019216537475585938, 0.00018453598022460938, 0.00017595291137695312, 0.000179290771484375, 0.00017833709716796875, 0.0002608299255371094, 0.00022745132446289062, 0.00018405914306640625, 0.00019240379333496094, 0.0002396106719970703, 0.00021195411682128906, 0.00019669532775878906, 0.00020623207092285156, 0.00020051002502441406, 0.00019216537475585938, 0.00019812583923339844, 0.00018477439880371094, 0.0001971721649169922, 0.00019788742065429688, 0.0002033710479736328, 0.00018596649169921875, 0.00018095970153808594, 0.00021219253540039062, 0.00018548965454101562, 0.0001857280731201172, 0.00019097328186035156, 0.00019288063049316406, 0.00018930435180664062, 0.0001990795135498047, 0.0001900196075439453, 0.00021266937255859375, 0.00029754638671875], "comm_recv": [0.0016815662384033203, 0.6942000389099121, 0.0017688274383544922, 0.26145434379577637, 0.0017468929290771484, 1.2226812839508057, 0.001758575439453125, 0.402280330657959, 0.14824938774108887, 0.2122328281402588, 1.0324931144714355, 0.0013344287872314453, 0.6383211612701416, 0.15651702880859375, 0.36546802520751953, 0.9290003776550293, 0.001703500747680664, 0.002193927764892578, 0.0017590522766113281, 0.06136655807495117, 0.23104166984558105, 0.4843623638153076, 0.0016710758209228516, 0.08403801918029785, 0.14707732200622559, 0.22290849685668945, 0.14791655540466309, 0.0016672611236572266, 0.0017104148864746094, 0.0263211727142334, 0.15507936477661133, 0.22665739059448242, 0.48676371574401855, 0.1425316333770752, 0.5570361614227295, 0.482175350189209, 0.0017938613891601562, 0.0017857551574707031, 0.12604451179504395, 0.2772510051727295, 0.30165863037109375, 0.0017712116241455078, 0.017682313919067383, 0.0018718242645263672, 0.26806116104125977, 0.0018298625946044922, 0.0017323493957519531, 0.001837015151977539, 0.35130858421325684, 0.07710957527160645, 0.654559850692749, 0.03803730010986328, 0.39822888374328613, 0.5259015560150146, 0.43218302726745605, 0.0018033981323242188, 0.0018672943115234375, 0.166550874710083, 0.26909589767456055, 0.10055756568908691], "conv_send": [0.007273435592651367, 0.006609201431274414, 0.006947040557861328, 0.007081508636474609, 0.007139444351196289, 0.006548643112182617, 0.006871700286865234, 0.00670170783996582, 0.006665468215942383, 0.006514787673950195, 0.0066623687744140625, 0.006612539291381836, 0.006949663162231445, 0.006575345993041992, 0.006735324859619141, 0.0065000057220458984, 0.006924867630004883, 0.007448434829711914, 0.0068013668060302734, 0.006684780120849609, 0.0066449642181396484, 0.006863117218017578, 0.0068776607513427734, 0.006539583206176758, 0.006756305694580078, 0.006889820098876953, 0.006669044494628906, 0.0068950653076171875, 0.00682830810546875, 0.007075071334838867, 0.0065615177154541016, 0.0066564083099365234, 0.0066089630126953125, 0.006974220275878906, 0.006706714630126953, 0.00696253776550293, 0.007430553436279297, 0.007188081741333008, 0.0065648555755615234, 0.006932497024536133, 0.007039785385131836, 0.007188558578491211, 0.006622791290283203, 0.007185697555541992, 0.006626129150390625, 0.0071866512298583984, 0.006822109222412109, 0.007213592529296875, 0.0066030025482177734, 0.006623029708862305, 0.006762266159057617, 0.0066759586334228516, 0.0067632198333740234, 0.0068569183349609375, 0.006757259368896484, 0.006721973419189453, 0.007294893264770508, 0.006695747375488281, 0.006844043731689453, 0.00679326057434082], "conv_recv": [0.00022339820861816406, 0.00031685829162597656, 0.0002315044403076172, 0.0002846717834472656, 0.00021982192993164062, 0.00028061866760253906, 0.00023293495178222656, 0.00028014183044433594, 0.0003056526184082031, 0.0002815723419189453, 0.0003032684326171875, 0.0002396106719970703, 0.0002841949462890625, 0.0003044605255126953, 0.00028443336486816406, 0.0003409385681152344, 0.00033164024353027344, 0.0002472400665283203, 0.00023102760314941406, 0.0002815723419189453, 0.00028133392333984375, 0.00028967857360839844, 0.0002319812774658203, 0.00027751922607421875, 0.0002899169921875, 0.00028586387634277344, 0.00028586387634277344, 0.00023555755615234375, 0.00022220611572265625, 0.0002608299255371094, 0.0002818107604980469, 0.0002906322479248047, 0.0002875328063964844, 0.00033855438232421875, 0.0003123283386230469, 0.0002903938293457031, 0.00024318695068359375, 0.000263214111328125, 0.0002760887145996094, 0.0002865791320800781, 0.00028395652770996094, 0.00024271011352539062, 0.00026154518127441406, 0.00023818016052246094, 0.00028252601623535156, 0.00024080276489257812, 0.00022792816162109375, 0.00023984909057617188, 0.00028967857360839844, 0.0002789497375488281, 0.0004222393035888672, 0.0002932548522949219, 0.00034165382385253906, 0.00028634071350097656, 0.00028777122497558594, 0.0002288818359375, 0.0003688335418701172, 0.00028133392333984375, 0.000286102294921875, 0.00029087066650390625], "epochs": [11.089691638946533, 7.642953395843506, 6.650356769561768, 7.2925801277160645, 7.0430908203125, 8.177105903625488, 6.702717542648315, 7.36220908164978, 6.842865943908691, 7.178889513015747, 7.716308355331421, 6.702019214630127, 7.2450878620147705, 7.113266706466675, 7.02690315246582, 7.8643786907196045, 7.030630111694336, 7.396550416946411, 6.693767070770264, 6.761322736740112, 7.165955305099487, 7.1498167514801025, 7.293775796890259, 6.987504482269287, 6.825585603713989, 6.8827362060546875, 6.902349472045898, 6.982775449752808, 7.2564074993133545, 7.033509969711304, 7.1271562576293945, 6.952061891555786, 7.4582061767578125, 6.862684011459351, 7.228666067123413, 7.157535791397095, 7.399709224700928, 7.0636138916015625, 6.871751070022583, 6.902561902999878, 7.329878091812134, 7.336018800735474, 6.681896686553955, 7.70259165763855, 6.905073404312134, 7.035739421844482, 6.986345052719116, 7.079902172088623, 7.282769441604614, 6.810272932052612, 7.338520765304565, 6.682887554168701, 7.329893350601196, 7.144681930541992, 7.048301458358765, 7.268725156784058, 6.990236282348633, 6.844969272613525, 6.934226036071777, 6.784122943878174]}}