{"times": {"train": [11.051448583602905, 7.273886442184448, 6.743699073791504, 6.808179140090942, 7.2560179233551025, 6.393800258636475, 6.7805986404418945, 6.394777297973633, 7.300335645675659, 6.823577642440796, 6.728376388549805, 6.41963529586792, 6.7798309326171875, 6.428123950958252, 6.4297168254852295, 6.765950918197632, 6.494661092758179, 6.815616130828857, 6.831887722015381, 6.832364320755005, 6.354241609573364, 6.80577278137207, 6.7911787033081055, 6.38420557975769, 6.4172468185424805, 6.833449363708496, 6.471681118011475, 6.803485631942749, 7.672213315963745, 7.12183403968811, 6.4417009353637695, 6.391510963439941, 6.9202187061309814, 6.799226999282837, 6.39320707321167, 6.426481008529663, 7.263641834259033, 7.288988351821899, 6.477766036987305, 6.784398317337036, 7.2451252937316895, 6.358567237854004, 7.229446887969971, 6.756205320358276, 6.858490943908691, 6.774092435836792, 6.824753761291504, 6.376420497894287, 6.81172251701355, 6.474290370941162, 7.2791242599487305, 6.433084726333618, 6.830718994140625, 6.429112195968628, 7.255594968795776, 6.781302213668823, 6.78856897354126, 6.454253196716309, 6.434424877166748, 7.247536897659302], "comm_send": [0.00019598007202148438, 0.00018453598022460938, 0.0001971721649169922, 0.00018787384033203125, 0.00019407272338867188, 0.0002014636993408203, 0.00020694732666015625, 0.00023698806762695312, 0.00020551681518554688, 0.00021076202392578125, 0.00018405914306640625, 0.0002372264862060547, 0.0001919269561767578, 0.00019693374633789062, 0.00019860267639160156, 0.0002307891845703125, 0.0001976490020751953, 0.00018930435180664062, 0.0001766681671142578, 0.00018358230590820312, 0.0002422332763671875, 0.0001819133758544922, 0.0001862049102783203, 0.0001983642578125, 0.0002224445343017578, 0.00016641616821289062, 0.00019884109497070312, 0.00019598007202148438, 0.00020003318786621094, 0.0001919269561767578, 0.0001842975616455078, 0.00019073486328125, 0.00017499923706054688, 0.00020122528076171875, 0.00019121170043945312, 0.00019168853759765625, 0.00018596649169921875, 0.00019860267639160156, 0.0001895427703857422, 0.00018024444580078125, 0.0001804828643798828, 0.0002448558807373047, 0.0001742839813232422, 0.00018358230590820312, 0.0001780986785888672, 0.00018143653869628906, 0.00017833709716796875, 0.00019502639770507812, 0.00019359588623046875, 0.00028514862060546875, 0.00017714500427246094, 0.0002002716064453125, 0.00019311904907226562, 0.0001990795135498047, 0.00019025802612304688, 0.0001811981201171875, 0.0001881122589111328, 0.0001976490020751953, 0.0002779960632324219, 0.00021266937255859375], "comm_recv": [0.001947641372680664, 0.36096811294555664, 0.0018031597137451172, 0.3435080051422119, 0.0018601417541503906, 1.526252031326294, 0.0019299983978271484, 0.8368105888366699, 0.0020287036895751953, 0.0018506050109863281, 0.8208436965942383, 0.24878621101379395, 0.45189428329467773, 0.6661005020141602, 0.5692110061645508, 1.0761911869049072, 0.1854548454284668, 0.5321614742279053, 0.10996389389038086, 0.0014700889587402344, 0.7833726406097412, 0.3253815174102783, 0.14321541786193848, 0.9188134670257568, 0.3882012367248535, 0.0242919921875, 0.40904879570007324, 0.0020475387573242188, 0.001920461654663086, 0.0017848014831542969, 0.2614448070526123, 0.5437664985656738, 0.515618085861206, 0.035661935806274414, 0.8122990131378174, 0.7067139148712158, 0.0017082691192626953, 0.001909017562866211, 0.24145245552062988, 0.09583806991577148, 0.06487512588500977, 0.342529296875, 0.043367862701416016, 0.591663122177124, 0.35663819313049316, 0.19208502769470215, 0.001455068588256836, 0.5119128227233887, 0.8045732975006104, 0.3136773109436035, 0.036788225173950195, 0.22780299186706543, 0.46974992752075195, 0.6950829029083252, 0.00180816650390625, 0.12883377075195312, 0.16191935539245605, 0.49695730209350586, 0.4775960445404053, 0.0019180774688720703], "conv_send": [0.006890535354614258, 0.006675004959106445, 0.006453037261962891, 0.006379604339599609, 0.006852149963378906, 0.006471872329711914, 0.0064814090728759766, 0.00663304328918457, 0.006964206695556641, 0.006876707077026367, 0.0062906742095947266, 0.0065991878509521484, 0.006233692169189453, 0.006571292877197266, 0.006483793258666992, 0.0063245296478271484, 0.006631374359130859, 0.006494760513305664, 0.006340980529785156, 0.00700688362121582, 0.006522655487060547, 0.006350040435791016, 0.006308555603027344, 0.006453990936279297, 0.006667613983154297, 0.006737947463989258, 0.0065441131591796875, 0.006493091583251953, 0.006938457489013672, 0.00645756721496582, 0.006288766860961914, 0.006552219390869141, 0.006768226623535156, 0.0062601566314697266, 0.006520509719848633, 0.006633281707763672, 0.006806373596191406, 0.006849765777587891, 0.006227970123291016, 0.006271839141845703, 0.006757259368896484, 0.006709098815917969, 0.006714344024658203, 0.006574869155883789, 0.0068111419677734375, 0.006288290023803711, 0.006273508071899414, 0.006498575210571289, 0.007354021072387695, 0.0067348480224609375, 0.006720781326293945, 0.006573677062988281, 0.00682377815246582, 0.006630897521972656, 0.006812572479248047, 0.006323099136352539, 0.006422758102416992, 0.006558656692504883, 0.0066759586334228516, 0.007019758224487305], "conv_recv": [0.00020456314086914062, 0.0003535747528076172, 0.00021600723266601562, 0.00026416778564453125, 0.00021576881408691406, 0.0002646446228027344, 0.0002257823944091797, 0.0003123283386230469, 0.0002276897430419922, 0.0002415180206298828, 0.00026488304138183594, 0.00026345252990722656, 0.0002624988555908203, 0.00029087066650390625, 0.00026702880859375, 0.0002589225769042969, 0.0003314018249511719, 0.0002689361572265625, 0.0002663135528564453, 0.00020384788513183594, 0.0002627372741699219, 0.0002651214599609375, 0.00026726722717285156, 0.0002646446228027344, 0.0002808570861816406, 0.00025963783264160156, 0.00028777122497558594, 0.0002193450927734375, 0.00021982192993164062, 0.0002117156982421875, 0.00026488304138183594, 0.0002620220184326172, 0.00043201446533203125, 0.0002474784851074219, 0.00030112266540527344, 0.00026297569274902344, 0.00021219253540039062, 0.000217437744140625, 0.0002663135528564453, 0.00026345252990722656, 0.0002601146697998047, 0.0003304481506347656, 0.00028586387634277344, 0.00030517578125, 0.000274658203125, 0.0002684593200683594, 0.00020313262939453125, 0.0002732276916503906, 0.000270843505859375, 0.00034999847412109375, 0.00025653839111328125, 0.00027060508728027344, 0.0002636909484863281, 0.00026726722717285156, 0.0002472400665283203, 0.0002644062042236328, 0.0002663135528564453, 0.0002663135528564453, 0.0002665519714355469, 0.0002574920654296875], "epochs": [11.075802564620972, 7.65743088722229, 6.767386436462402, 7.1734936237335205, 7.280142068862915, 7.941950798034668, 6.804598331451416, 7.253695249557495, 7.325191020965576, 6.847893476486206, 7.571002721786499, 6.690388917922974, 7.253462076187134, 7.1162919998168945, 7.020720958709717, 7.863932132720947, 6.702394723892212, 7.369621515274048, 6.963550329208374, 6.855746746063232, 7.1598474979400635, 7.153040647506714, 6.956237554550171, 7.324758768081665, 6.827794551849365, 6.879871845245361, 6.902705430984497, 6.8273468017578125, 7.696743965148926, 7.145325183868408, 6.724895000457764, 6.95717978477478, 7.459146022796631, 6.856327533721924, 7.227334499359131, 7.155230283737183, 7.287312984466553, 7.313366413116455, 6.740778207778931, 6.902070045471191, 7.332141876220703, 6.723453044891357, 7.295101881027222, 7.369748830795288, 7.237245798110962, 6.987746477127075, 6.84737753868103, 6.9105448722839355, 7.639092206954956, 6.810502767562866, 7.337886571884155, 6.682995319366455, 7.323193073272705, 7.146412372589111, 7.279468059539795, 6.9319188594818115, 6.972336530685425, 6.973285675048828, 6.934298992156982, 7.27304482460022]}}