{"times": {"train": [10.58599305152893, 6.517204523086548, 7.301244735717773, 7.008992910385132, 7.319777250289917, 7.120693206787109, 7.388254642486572, 6.546705722808838, 6.9998555183410645, 7.217496156692505, 6.836533069610596, 7.009244441986084, 7.349372386932373, 6.994313955307007, 6.545843839645386, 6.982633829116821, 6.6627514362335205, 7.310372829437256, 6.9231438636779785, 7.347262382507324, 6.8504040241241455, 6.554539203643799, 6.582542657852173, 6.577559947967529, 6.979090213775635, 6.959641695022583, 6.674644708633423, 6.615647077560425, 6.5565025806427, 6.870800971984863, 7.00829553604126, 6.924418687820435, 6.7179155349731445, 7.3541178703308105, 6.608755350112915, 6.676904201507568, 7.00911808013916, 6.616332769393921, 7.086209774017334, 6.5892040729522705, 7.323622941970825, 7.27702522277832, 6.532213926315308, 6.953578948974609, 6.985002279281616, 6.624875545501709, 6.961716890335083, 7.036380052566528, 7.186790227890015, 7.09404182434082, 6.644501209259033, 6.708849668502808, 6.591256380081177, 6.693945646286011, 6.588208198547363, 6.896599054336548, 6.915738821029663, 6.939546346664429, 6.6792073249816895, 6.651054859161377], "comm_send": [0.0001990795135498047, 0.0002307891845703125, 0.00021195411682128906, 0.00020456314086914062, 0.00020241737365722656, 0.0002110004425048828, 0.00019550323486328125, 0.0001804828643798828, 0.0002124309539794922, 0.00020933151245117188, 0.00017833709716796875, 0.0001952648162841797, 0.00019979476928710938, 0.00020194053649902344, 0.00017976760864257812, 0.0001823902130126953, 0.0001876354217529297, 0.0001800060272216797, 0.0001914501190185547, 0.00019168853759765625, 0.0001952648162841797, 0.00018358230590820312, 0.00018548965454101562, 0.0001862049102783203, 0.00019502639770507812, 0.0005886554718017578, 0.00019979476928710938, 0.0002224445343017578, 0.00018668174743652344, 0.00018095970153808594, 0.0001742839813232422, 0.00017499923706054688, 0.0002117156982421875, 0.00019812583923339844, 0.00017976760864257812, 0.00036263465881347656, 0.0001823902130126953, 0.0001766681671142578, 0.000179290771484375, 0.00019812583923339844, 0.0001876354217529297, 0.00025153160095214844, 0.0001850128173828125, 0.00018358230590820312, 0.00020456314086914062, 0.00018405914306640625, 0.00019216537475585938, 0.00019788742065429688, 0.00018644332885742188, 0.0001952648162841797, 0.00018310546875, 0.00019598007202148438, 0.0001881122589111328, 0.0001895427703857422, 0.00019025802612304688, 0.00021719932556152344, 0.00017762184143066406, 0.00018548965454101562, 0.0001862049102783203, 0.00019216537475585938], "comm_recv": [0.0020143985748291016, 1.580176830291748, 0.0019273757934570312, 0.0018568038940429688, 0.0018846988677978516, 0.3092992305755615, 0.0018329620361328125, 0.08237528800964355, 0.0017554759979248047, 0.001920461654663086, 0.6124355792999268, 0.0018608570098876953, 0.0017995834350585938, 0.001750946044921875, 0.08784604072570801, 0.8595240116119385, 0.013541936874389648, 0.03544187545776367, 0.022233963012695312, 0.001708984375, 0.001794576644897461, 0.33826255798339844, 0.35517311096191406, 0.7204077243804932, 0.0018239021301269531, 0.0013384819030761719, 0.0016772747039794922, 0.04315686225891113, 0.5556600093841553, 0.4839456081390381, 0.09459090232849121, 0.005869388580322266, 0.7178726196289062, 0.0017905235290527344, 0.07834386825561523, 0.4573652744293213, 0.0017347335815429688, 0.4484119415283203, 0.1123361587524414, 0.2889230251312256, 0.0014519691467285156, 0.0017671585083007812, 0.14461469650268555, 0.38937997817993164, 0.2271890640258789, 0.3422231674194336, 0.0017940998077392578, 0.0018703937530517578, 0.13687396049499512, 0.0019350051879882812, 0.35913538932800293, 0.0018923282623291016, 0.6668105125427246, 0.4281601905822754, 0.4373352527618408, 0.24413371086120605, 0.03043985366821289, 0.013188600540161133, 0.233262300491333, 0.10919475555419922], "conv_send": [0.006865739822387695, 0.00666356086730957, 0.007210254669189453, 0.00709223747253418, 0.007107734680175781, 0.006387948989868164, 0.0076274871826171875, 0.006468534469604492, 0.006991147994995117, 0.006840944290161133, 0.0064983367919921875, 0.0071218013763427734, 0.007159233093261719, 0.007071018218994141, 0.006415843963623047, 0.0069332122802734375, 0.0065975189208984375, 0.0068912506103515625, 0.006627559661865234, 0.007116079330444336, 0.006700754165649414, 0.006724834442138672, 0.0067937374114990234, 0.0065882205963134766, 0.006769418716430664, 0.006765842437744141, 0.007069826126098633, 0.006793498992919922, 0.006817340850830078, 0.006613254547119141, 0.006983280181884766, 0.0064890384674072266, 0.006515026092529297, 0.007066488265991211, 0.006510019302368164, 0.006639242172241211, 0.006497621536254883, 0.0066699981689453125, 0.006889820098876953, 0.0068111419677734375, 0.006975412368774414, 0.006788969039916992, 0.006613254547119141, 0.006558895111083984, 0.006630897521972656, 0.006619691848754883, 0.006736040115356445, 0.007023334503173828, 0.0064907073974609375, 0.00715327262878418, 0.006534576416015625, 0.00680088996887207, 0.0067942142486572266, 0.006567239761352539, 0.006689548492431641, 0.00666356086730957, 0.006771087646484375, 0.006520271301269531, 0.0066683292388916016, 0.006610393524169922], "conv_recv": [0.00026798248291015625, 0.00042891502380371094, 0.000244140625, 0.0002334117889404297, 0.00027251243591308594, 0.0002765655517578125, 0.00023794174194335938, 0.00028228759765625, 0.0002765655517578125, 0.00023698806762695312, 0.0002741813659667969, 0.0002963542938232422, 0.0002644062042236328, 0.00023365020751953125, 0.0002970695495605469, 0.0002799034118652344, 0.0003733634948730469, 0.00024390220642089844, 0.0002899169921875, 0.00026226043701171875, 0.0002276897430419922, 0.0003161430358886719, 0.00028204917907714844, 0.0002803802490234375, 0.00022721290588378906, 0.0002543926239013672, 0.00022554397583007812, 0.00036334991455078125, 0.0002865791320800781, 0.0002789497375488281, 0.00026702880859375, 0.0002765655517578125, 0.0002799034118652344, 0.0002586841583251953, 0.0002624988555908203, 0.0003123283386230469, 0.00023055076599121094, 0.0002765655517578125, 0.0003066062927246094, 0.0002779960632324219, 0.00027632713317871094, 0.0002968311309814453, 0.0002830028533935547, 0.00028014183044433594, 0.000301361083984375, 0.0002789497375488281, 0.00031828880310058594, 0.00022935867309570312, 0.00033855438232421875, 0.00023365020751953125, 0.00028204917907714844, 0.0002853870391845703, 0.0004489421844482422, 0.0002827644348144531, 0.00028014183044433594, 0.0003223419189453125, 0.0002770423889160156, 0.00027251243591308594, 0.00033974647521972656, 0.00028252601623535156], "epochs": [10.611146688461304, 8.122014045715332, 7.326803922653198, 7.034396409988403, 7.345111846923828, 7.45247745513916, 7.414120674133301, 6.651560306549072, 7.024597883224487, 7.242635488510132, 7.471789121627808, 7.034322500228882, 7.374835968017578, 7.019368886947632, 6.655981063842773, 7.865170478820801, 6.69906210899353, 7.368474245071411, 6.96798300743103, 7.372516870498657, 6.874884366989136, 6.91559100151062, 6.9607439041137695, 7.320576906204224, 7.0040037631988525, 6.984348773956299, 6.6997621059417725, 6.682092666625977, 7.135288238525391, 7.377368450164795, 7.125985622406006, 6.9525041580200195, 7.458693027496338, 7.380336046218872, 6.709635257720947, 7.157335042953491, 7.032819032669067, 7.087305068969727, 7.221429824829102, 6.9011571407318115, 7.347920894622803, 7.301995754241943, 6.699471712112427, 7.365807294845581, 7.235019207000732, 6.989776372909546, 6.986242294311523, 7.061457395553589, 7.346772193908691, 7.119516372680664, 7.026413440704346, 6.733860015869141, 7.282925844192505, 7.144612073898315, 7.048313856124878, 7.1634907722473145, 6.969105005264282, 6.975371837615967, 6.935316562652588, 6.783181190490723]}}