{"times": {"train": [11.003536939620972, 6.537451267242432, 6.958338260650635, 6.563971996307373, 7.303874731063843, 6.545631408691406, 6.598567724227905, 6.872649431228638, 6.636024236679077, 6.594890117645264, 6.53519344329834, 6.547630786895752, 6.924729108810425, 6.576919317245483, 7.345035552978516, 6.819620370864868, 7.3695151805877686, 6.563597679138184, 6.954571723937988, 6.621973752975464, 6.840690851211548, 6.903598785400391, 6.541298151016235, 6.555165529251099, 6.902151346206665, 6.5603601932525635, 6.52816104888916, 6.587340354919434, 6.537912368774414, 6.539076089859009, 6.602470636367798, 6.61562442779541, 7.074542999267578, 6.956788778305054, 7.297353267669678, 6.5984063148498535, 6.577993392944336, 6.949718475341797, 6.656085014343262, 6.605943202972412, 6.9188737869262695, 6.940497159957886, 7.677673101425171, 7.215810060501099, 6.95878005027771, 6.566145658493042, 6.533419132232666, 6.918005704879761, 7.002042293548584, 6.614300727844238, 6.624247312545776, 7.341673135757446, 6.962927579879761, 7.006667137145996, 7.319581985473633, 6.967799663543701, 6.925721645355225, 6.628017902374268, 6.956722736358643, 6.600440263748169], "comm_send": [0.0003571510314941406, 0.00018525123596191406, 0.00018286705017089844, 0.00019311904907226562, 0.00020194053649902344, 0.00019693374633789062, 0.00021147727966308594, 0.00018739700317382812, 0.00018835067749023438, 0.00018405914306640625, 0.00019788742065429688, 0.00018835067749023438, 0.00019288063049316406, 0.00020265579223632812, 0.0002455711364746094, 0.0001747608184814453, 0.00019431114196777344, 0.00017881393432617188, 0.00017976760864257812, 0.00018930435180664062, 0.0001811981201171875, 0.0002040863037109375, 0.00020194053649902344, 0.00018596649169921875, 0.0001990795135498047, 0.00021982192993164062, 0.00019097328186035156, 0.0001919269561767578, 0.00020003318786621094, 0.00018334388732910156, 0.00020122528076171875, 0.0001850128173828125, 0.00017333030700683594, 0.0001842975616455078, 0.0002009868621826172, 0.00018310546875, 0.0001919269561767578, 0.0001819133758544922, 0.00019431114196777344, 0.00018930435180664062, 0.00019812583923339844, 0.00019502639770507812, 0.0001995563507080078, 0.0002040863037109375, 0.00018906593322753906, 0.00018358230590820312, 0.00019431114196777344, 0.0002219676971435547, 0.00019073486328125, 0.00019049644470214844, 0.00018334388732910156, 0.0001938343048095703, 0.00019049644470214844, 0.0002028942108154297, 0.00019168853759765625, 0.0002033710479736328, 0.00021266937255859375, 0.0001862049102783203, 0.00019884109497070312, 0.0001819133758544922], "comm_recv": [0.0017385482788085938, 1.1495850086212158, 0.0018467903137207031, 0.3721134662628174, 0.0017282962799072266, 1.3183903694152832, 0.0623021125793457, 0.4846763610839844, 0.18958759307861328, 0.5617427825927734, 1.154219388961792, 0.1259324550628662, 0.30901312828063965, 0.5150306224822998, 0.0017688274383544922, 0.6715350151062012, 0.002714872360229492, 0.08678960800170898, 0.0014629364013671875, 0.1967628002166748, 0.3036966323852539, 0.22498464584350586, 0.3944735527038574, 0.7453012466430664, 0.0017311573028564453, 0.19180631637573242, 0.35207104682922363, 0.14974236488342285, 0.5789599418640137, 0.8175754547119141, 0.501960277557373, 0.3137929439544678, 0.36209607124328613, 0.0017437934875488281, 0.0019550323486328125, 0.31726908683776855, 0.12825989723205566, 0.4226100444793701, 0.5397188663482666, 0.27240610122680664, 0.39078593254089355, 0.0016324520111083984, 0.0017826557159423828, 0.0017566680908203125, 0.0018494129180908203, 0.12771940231323242, 0.28928375244140625, 0.0017516613006591797, 0.5805139541625977, 0.17621707916259766, 0.6905674934387207, 0.0018646717071533203, 0.0016944408416748047, 0.0018396377563476562, 0.0016868114471435547, 0.0018410682678222656, 0.0017240047454833984, 0.0016922950744628906, 0.0016810894012451172, 0.0986781120300293], "conv_send": [0.006507396697998047, 0.006407260894775391, 0.006478309631347656, 0.006680488586425781, 0.006932973861694336, 0.0064449310302734375, 0.006736278533935547, 0.006591796875, 0.006624460220336914, 0.006481647491455078, 0.006609201431274414, 0.006556034088134766, 0.00696873664855957, 0.006601810455322266, 0.0071790218353271484, 0.006319284439086914, 0.006907224655151367, 0.0063860416412353516, 0.006891012191772461, 0.006608009338378906, 0.006766557693481445, 0.006353616714477539, 0.006759166717529297, 0.0065288543701171875, 0.0066759586334228516, 0.00649261474609375, 0.0067369937896728516, 0.006644487380981445, 0.0066432952880859375, 0.006534576416015625, 0.006732940673828125, 0.006540775299072266, 0.0068950653076171875, 0.006572246551513672, 0.007125377655029297, 0.006463050842285156, 0.006673336029052734, 0.006949186325073242, 0.006616353988647461, 0.006814241409301758, 0.006537199020385742, 0.0068378448486328125, 0.007036447525024414, 0.006766796112060547, 0.0071048736572265625, 0.0064313411712646484, 0.006531238555908203, 0.006571531295776367, 0.00771021842956543, 0.006634712219238281, 0.006571531295776367, 0.00720524787902832, 0.007149219512939453, 0.0069866180419921875, 0.0070264339447021484, 0.006978511810302734, 0.006839752197265625, 0.00660395622253418, 0.006743431091308594, 0.00648951530456543], "conv_recv": [0.0002110004425048828, 0.0002751350402832031, 0.0002231597900390625, 0.000278472900390625, 0.00022602081298828125, 0.00026416778564453125, 0.0002765655517578125, 0.00027251243591308594, 0.0002760887145996094, 0.0002751350402832031, 0.00027942657470703125, 0.0002741813659667969, 0.00027942657470703125, 0.0003154277801513672, 0.00022912025451660156, 0.00026607513427734375, 0.000301361083984375, 0.0002651214599609375, 0.0002560615539550781, 0.00027179718017578125, 0.00029015541076660156, 0.00027823448181152344, 0.0003170967102050781, 0.0002758502960205078, 0.0002319812774658203, 0.0003097057342529297, 0.000278472900390625, 0.00027632713317871094, 0.0002803802490234375, 0.00027441978454589844, 0.00039005279541015625, 0.0003058910369873047, 0.0003025531768798828, 0.0002491474151611328, 0.00023412704467773438, 0.0002741813659667969, 0.00028252601623535156, 0.0002827644348144531, 0.0002834796905517578, 0.0003097057342529297, 0.0003304481506347656, 0.00023126602172851562, 0.0002815723419189453, 0.00028777122497558594, 0.00030422210693359375, 0.0002658367156982422, 0.0002777576446533203, 0.00027298927307128906, 0.0004322528839111328, 0.0003147125244140625, 0.00030875205993652344, 0.0002269744873046875, 0.0003609657287597656, 0.00023221969604492188, 0.0003662109375, 0.0002288818359375, 0.0002295970916748047, 0.0002522468566894531, 0.0002300739288330078, 0.0002777576446533203], "epochs": [11.027352571487427, 7.709553956985474, 6.982140779495239, 6.958551406860352, 7.3283891677856445, 7.886277437210083, 6.683860778808594, 7.379733562469482, 6.848109006881714, 7.178866386413574, 7.711919546127319, 6.69593358039856, 7.256457090377808, 7.114361047744751, 7.370006799697876, 7.513284921646118, 7.395285606384277, 6.672438144683838, 6.978351831436157, 6.841206789016724, 7.167079925537109, 7.150956869125366, 6.958448171615601, 7.3227293491363525, 6.926546096801758, 6.774491786956787, 6.902837514877319, 6.759674787521362, 7.139264106750488, 7.378909111022949, 7.127156019210815, 6.951702833175659, 7.459569692611694, 6.980332612991333, 7.322295188903809, 6.937824964523315, 6.728777885437012, 7.394979953765869, 7.21814751625061, 6.901204347610474, 7.332163333892822, 6.964686870574951, 7.702596426010132, 7.240329742431641, 6.983815670013428, 6.715899467468262, 6.845079660415649, 6.942286968231201, 7.607042551040649, 6.812943458557129, 7.337294340133667, 7.367120742797852, 6.987768650054932, 7.031280994415283, 7.344406366348267, 6.992592811584473, 6.9503865242004395, 6.651881694793701, 6.981181859970093, 6.721524953842163]}}