{"times": {"train": [10.46701693534851, 6.553805828094482, 6.874590158462524, 6.5389697551727295, 6.571831941604614, 6.508596181869507, 7.265084505081177, 6.840678930282593, 6.544240713119507, 6.5260045528411865, 6.514992713928223, 6.948055982589722, 6.918558359146118, 6.938484191894531, 6.9390833377838135, 6.50370979309082, 6.9958579540252686, 6.561392545700073, 6.580376148223877, 6.954003572463989, 6.480128526687622, 7.225661039352417, 6.5145485401153564, 6.874209880828857, 6.860778331756592, 6.926445722579956, 6.917865037918091, 6.8921027183532715, 7.30052638053894, 7.3092896938323975, 6.908651828765869, 7.359037399291992, 6.928241729736328, 6.987187385559082, 7.3201024532318115, 6.560782432556152, 7.283404111862183, 6.5581748485565186, 7.02361273765564, 6.898988962173462, 6.979326248168945, 6.920047998428345, 7.292272567749023, 6.860702276229858, 6.596579074859619, 6.8947978019714355, 7.027886867523193, 6.8681700229644775, 6.986671209335327, 6.64771842956543, 6.6410813331604, 6.607016563415527, 7.236936569213867, 6.590766191482544, 6.926828622817993, 6.923297643661499, 6.943322658538818, 6.980267763137817, 6.632512331008911, 6.581597328186035], "comm_send": [0.0002014636993408203, 0.00023031234741210938, 0.00018477439880371094, 0.00019693374633789062, 0.00019097328186035156, 0.00019216537475585938, 0.00019288063049316406, 0.000202178955078125, 0.0001895427703857422, 0.00020265579223632812, 0.00019049644470214844, 0.00018334388732910156, 0.0001842975616455078, 0.00022029876708984375, 0.00017881393432617188, 0.00019407272338867188, 0.00018644332885742188, 0.00018477439880371094, 0.0002167224884033203, 0.00020265579223632812, 0.0001888275146484375, 0.0002887248992919922, 0.0001876354217529297, 0.0001850128173828125, 0.00019693374633789062, 0.00020194053649902344, 0.00020575523376464844, 0.00020051002502441406, 0.0002028942108154297, 0.00020384788513183594, 0.00020360946655273438, 0.0002110004425048828, 0.00020456314086914062, 0.00019598007202148438, 0.00020170211791992188, 0.0001804828643798828, 0.00018835067749023438, 0.00018334388732910156, 0.00020360946655273438, 0.00019478797912597656, 0.00023984909057617188, 0.00018596649169921875, 0.0001964569091796875, 0.0001838207244873047, 0.00018477439880371094, 0.0001838207244873047, 0.00019407272338867188, 0.0002155303955078125, 0.00019550323486328125, 0.0002429485321044922, 0.00017905235290527344, 0.00019812583923339844, 0.0001850128173828125, 0.000194549560546875, 0.00018262863159179688, 0.0002505779266357422, 0.00017976760864257812, 0.00020456314086914062, 0.0001938343048095703, 0.00020122528076171875], "comm_recv": [0.002116680145263672, 1.6637368202209473, 0.0016281604766845703, 0.4813532829284668, 0.40811753273010254, 1.6860406398773193, 0.0016531944274902344, 0.001939535140991211, 0.18860650062561035, 0.6300766468048096, 1.176361083984375, 0.0018453598022460938, 0.03217959403991699, 0.15299510955810547, 0.0630040168762207, 1.338080644607544, 0.0018110275268554688, 0.45607471466064453, 0.3672347068786621, 0.0017888545989990234, 0.5359816551208496, 0.001851797103881836, 0.3220076560974121, 0.4211702346801758, 0.002023935317993164, 0.0018315315246582031, 0.0017652511596679688, 0.0017838478088378906, 0.001729726791381836, 0.001766204833984375, 0.0018770694732666016, 0.0018782615661621094, 0.001821279525756836, 0.0017056465148925781, 0.0018267631530761719, 0.09874868392944336, 0.0017228126525878906, 0.23596858978271484, 0.1721045970916748, 0.001638650894165039, 0.306943416595459, 0.0018477439880371094, 0.0018725395202636719, 0.24182462692260742, 0.6181378364562988, 0.07076454162597656, 0.0020101070404052734, 0.0018413066864013672, 0.4311230182647705, 0.14298391342163086, 0.6725683212280273, 0.05627155303955078, 0.06744265556335449, 0.533257007598877, 0.09893965721130371, 0.2162785530090332, 0.005823612213134766, 0.0019261837005615234, 0.24758696556091309, 0.17845582962036133], "conv_send": [0.006981372833251953, 0.006969451904296875, 0.006808757781982422, 0.006612062454223633, 0.006901741027832031, 0.006760597229003906, 0.006611824035644531, 0.00664210319519043, 0.006619691848754883, 0.0066356658935546875, 0.006798982620239258, 0.006920337677001953, 0.00699162483215332, 0.007032871246337891, 0.007166147232055664, 0.00755000114440918, 0.006926059722900391, 0.0065326690673828125, 0.006513833999633789, 0.007029294967651367, 0.006606340408325195, 0.0066814422607421875, 0.006570339202880859, 0.006395101547241211, 0.006668567657470703, 0.006735324859619141, 0.006729841232299805, 0.006714344024658203, 0.006961822509765625, 0.006980419158935547, 0.006818532943725586, 0.006911039352416992, 0.006767749786376953, 0.006982326507568359, 0.0070667266845703125, 0.006350517272949219, 0.0070836544036865234, 0.00640416145324707, 0.006531476974487305, 0.006542682647705078, 0.007796049118041992, 0.007192134857177734, 0.00708770751953125, 0.00664973258972168, 0.0065686702728271484, 0.006457805633544922, 0.00693964958190918, 0.006638288497924805, 0.007961273193359375, 0.0066301822662353516, 0.0064427852630615234, 0.006835222244262695, 0.0064296722412109375, 0.006693124771118164, 0.006460905075073242, 0.008000373840332031, 0.006563425064086914, 0.0066852569580078125, 0.0065517425537109375, 0.006735563278198242], "conv_recv": [0.00022077560424804688, 0.000316619873046875, 0.00021529197692871094, 0.0002770423889160156, 0.0003731250762939453, 0.00027561187744140625, 0.0002498626708984375, 0.0002238750457763672, 0.0002732276916503906, 0.0002758502960205078, 0.0002677440643310547, 0.00021791458129882812, 0.0002627372741699219, 0.0003192424774169922, 0.00030994415283203125, 0.00028443336486816406, 0.00028705596923828125, 0.00028228759765625, 0.00034165382385253906, 0.00023365020751953125, 0.00028061866760253906, 0.0002846717834472656, 0.0002846717834472656, 0.00027441978454589844, 0.0002300739288330078, 0.0002307891845703125, 0.0002346038818359375, 0.00023651123046875, 0.0002696514129638672, 0.0002703666687011719, 0.00025916099548339844, 0.00023365020751953125, 0.0002377033233642578, 0.0002295970916748047, 0.00023937225341796875, 0.0002579689025878906, 0.00023555755615234375, 0.0002799034118652344, 0.0002837181091308594, 0.0002510547637939453, 0.0002906322479248047, 0.0002186298370361328, 0.0002357959747314453, 0.0003337860107421875, 0.00028061866760253906, 0.0002703666687011719, 0.00024175643920898438, 0.00032782554626464844, 0.0004267692565917969, 0.00027942657470703125, 0.0002751350402832031, 0.00028228759765625, 0.00025582313537597656, 0.0002796649932861328, 0.0002734661102294922, 0.0004329681396484375, 0.0002391338348388672, 0.00023055076599121094, 0.00028514862060546875, 0.00028324127197265625], "epochs": [10.492265939712524, 8.240816831588745, 6.898729085922241, 7.042805910110474, 7.003794431686401, 8.217194318771362, 7.288984060287476, 6.865257740020752, 6.755813360214233, 7.1784913539886475, 7.7140045166015625, 6.9724225997924805, 6.973376512527466, 7.11444878578186, 7.0248799324035645, 7.865307569503784, 7.020383358001709, 7.039757251739502, 6.969995498657227, 6.978847026824951, 7.038549423217773, 7.25050163269043, 6.859081506729126, 7.3176867961883545, 6.8855531215667725, 6.950894594192505, 6.942382335662842, 6.916504383087158, 7.325075149536133, 7.334127902984619, 6.933479309082031, 7.3840107917785645, 6.953822374343872, 7.011695623397827, 7.345373868942261, 6.681816339492798, 7.30815863609314, 6.816375255584717, 7.218294620513916, 6.923007965087891, 7.310045003890991, 6.946057319641113, 7.317237377166748, 7.125082492828369, 7.237164735794067, 6.987757682800293, 7.053343772888184, 6.8924033641815186, 7.443036794662476, 6.8134284019470215, 7.336015701293945, 6.686218738555908, 7.326956033706665, 7.1465795040130615, 7.048085689544678, 7.164252996444702, 6.9715471267700195, 7.004884243011475, 6.902785539627075, 6.782942056655884]}}