{"times": {"train": [10.933305025100708, 6.47559666633606, 7.263589382171631, 6.501697301864624, 6.526259899139404, 6.832509517669678, 6.900974750518799, 6.8928680419921875, 6.579289674758911, 6.906187534332275, 6.910079002380371, 6.935949087142944, 6.502426862716675, 6.508211135864258, 6.845874071121216, 7.3251307010650635, 6.509161472320557, 6.9118804931640625, 6.527587652206421, 6.546598196029663, 7.674755811691284, 6.907767057418823, 7.267594337463379, 6.723245143890381, 6.495043039321899, 6.852628231048584, 6.526116132736206, 6.508609056472778, 7.298066139221191, 6.816678762435913, 6.878570795059204, 6.599837064743042, 6.558382987976074, 6.531447410583496, 6.551930904388428, 6.556983232498169, 6.951667308807373, 6.626576900482178, 6.956112384796143, 6.909037351608276, 7.3309478759765625, 6.555839538574219, 6.525916337966919, 6.909586429595947, 6.564086437225342, 6.596590995788574, 6.934272527694702, 6.546289920806885, 7.168760776519775, 6.591210603713989, 6.54694390296936, 7.298522233963013, 6.485353946685791, 6.649518966674805, 6.572528123855591, 6.912575006484985, 6.94200587272644, 6.586275815963745, 6.8939971923828125, 6.590885639190674], "comm_send": [0.0002803802490234375, 0.0001857280731201172, 0.0001842975616455078, 0.00023937225341796875, 0.00020360946655273438, 0.00018143653869628906, 0.000202178955078125, 0.0001842975616455078, 0.00023651123046875, 0.00019168853759765625, 0.0001697540283203125, 0.0001876354217529297, 0.0001842975616455078, 0.0001914501190185547, 0.00018358230590820312, 0.00018143653869628906, 0.00021457672119140625, 0.00019216537475585938, 0.00018548965454101562, 0.00019121170043945312, 0.00019812583923339844, 0.0002067089080810547, 0.00020122528076171875, 0.00020194053649902344, 0.00020122528076171875, 0.00017714500427246094, 0.000202178955078125, 0.00019168853759765625, 0.00019097328186035156, 0.00018262863159179688, 0.00018310546875, 0.00019097328186035156, 0.0001857280731201172, 0.0001976490020751953, 0.0002033710479736328, 0.000186920166015625, 0.00017976760864257812, 0.0001983642578125, 0.00018739700317382812, 0.00019359588623046875, 0.0001957416534423828, 0.00018668174743652344, 0.00024580955505371094, 0.00018596649169921875, 0.0001995563507080078, 0.00023603439331054688, 0.000232696533203125, 0.0001952648162841797, 0.0002205371856689453, 0.0001957416534423828, 0.00019741058349609375, 0.0002651214599609375, 0.00018262863159179688, 0.0001881122589111328, 0.0001900196075439453, 0.00018405914306640625, 0.0001857280731201172, 0.00019431114196777344, 0.00017642974853515625, 0.0003268718719482422], "comm_recv": [0.0016527175903320312, 1.280884027481079, 0.0018918514251708984, 0.12864303588867188, 0.4491536617279053, 1.3615803718566895, 0.0017733573913574219, 0.22393393516540527, 0.24457550048828125, 0.24982500076293945, 0.7805788516998291, 0.0019109249114990234, 0.4619252681732178, 0.5812556743621826, 0.15801334381103516, 0.5171656608581543, 0.16527509689331055, 0.4360518455505371, 0.4175283908843994, 0.2813851833343506, 0.0019102096557617188, 0.0017955303192138672, 0.0018157958984375, 0.001706838607788086, 0.23092031478881836, 0.003633260726928711, 0.35443925857543945, 0.22963547706604004, 0.0017116069793701172, 0.3492271900177002, 0.22717976570129395, 0.33045077323913574, 0.876917839050293, 0.3067140579223633, 0.654714822769165, 0.5777404308319092, 0.001806020736694336, 0.4983539581298828, 0.24017095565795898, 0.0016186237335205078, 0.0016252994537353516, 0.08548283576965332, 0.7426764965057373, 0.43786096572875977, 0.6494133472442627, 0.3706488609313965, 0.0018925666809082031, 0.22835111618041992, 0.44512128829956055, 0.17778730392456055, 0.7675280570983887, 0.0017504692077636719, 0.18064594268798828, 0.4700186252593994, 0.4572286605834961, 0.22839951515197754, 0.006327152252197266, 0.3646845817565918, 0.018324851989746094, 0.1692814826965332], "conv_send": [0.007055759429931641, 0.006488323211669922, 0.00662684440612793, 0.0064585208892822266, 0.006799459457397461, 0.0064313411712646484, 0.006657123565673828, 0.006442070007324219, 0.007029294967651367, 0.006868124008178711, 0.006361484527587891, 0.0069043636322021484, 0.006533622741699219, 0.006654262542724609, 0.006388664245605469, 0.006870746612548828, 0.006688356399536133, 0.006471157073974609, 0.006755352020263672, 0.006663084030151367, 0.0069925785064697266, 0.006924629211425781, 0.0069675445556640625, 0.006664276123046875, 0.006506681442260742, 0.006621837615966797, 0.006706953048706055, 0.006584882736206055, 0.006928205490112305, 0.006329774856567383, 0.006464958190917969, 0.006599903106689453, 0.006604909896850586, 0.00683283805847168, 0.006650209426879883, 0.006578922271728516, 0.006435394287109375, 0.006532430648803711, 0.006982326507568359, 0.006647825241088867, 0.007163524627685547, 0.0066487789154052734, 0.0069811344146728516, 0.00648808479309082, 0.006643056869506836, 0.0067424774169921875, 0.006977558135986328, 0.006783008575439453, 0.007559537887573242, 0.006725788116455078, 0.0067920684814453125, 0.007019758224487305, 0.006500720977783203, 0.006483316421508789, 0.00681304931640625, 0.00657200813293457, 0.006918668746948242, 0.0066986083984375, 0.006512641906738281, 0.006853818893432617], "conv_recv": [0.00020384788513183594, 0.00033283233642578125, 0.00022292137145996094, 0.00027871131896972656, 0.0002753734588623047, 0.0003559589385986328, 0.0002655982971191406, 0.00027441978454589844, 0.000308990478515625, 0.0002923011779785156, 0.0002765655517578125, 0.00021791458129882812, 0.00027823448181152344, 0.0002727508544921875, 0.0002808570861816406, 0.00027370452880859375, 0.0003311634063720703, 0.00027871131896972656, 0.00030684471130371094, 0.0002777576446533203, 0.000232696533203125, 0.0002295970916748047, 0.000232696533203125, 0.0002334117889404297, 0.0002765655517578125, 0.00025582313537597656, 0.00027942657470703125, 0.0002808570861816406, 0.0003275871276855469, 0.0002818107604980469, 0.0002810955047607422, 0.0002796649932861328, 0.00027561187744140625, 0.00027871131896972656, 0.0002830028533935547, 0.0002779960632324219, 0.00021123886108398438, 0.0002791881561279297, 0.0002834796905517578, 0.0002243518829345703, 0.0002295970916748047, 0.0002808570861816406, 0.0003731250762939453, 0.00027489662170410156, 0.00027489662170410156, 0.00028061866760253906, 0.00022983551025390625, 0.00028133392333984375, 0.00040602684020996094, 0.00028133392333984375, 0.00030040740966796875, 0.00026297569274902344, 0.00028014183044433594, 0.0002815723419189453, 0.0002846717834472656, 0.00028514862060546875, 0.000244140625, 0.00028705596923828125, 0.0002665519714355469, 0.0003235340118408203], "epochs": [10.957601308822632, 7.7791218757629395, 7.287862777709961, 6.652751922607422, 6.998300075531006, 8.216427564620972, 6.925432205200195, 7.139095783233643, 6.847087860107422, 7.178725242614746, 7.712961435317993, 6.960272312164307, 6.986784219741821, 7.1120452880859375, 7.026050567626953, 7.865035533905029, 6.697665691375732, 7.37028431892395, 6.967822313308716, 6.85046124458313, 7.699782133102417, 6.9326183795928955, 7.292515754699707, 6.747620582580566, 6.748472213745117, 6.8784942626953125, 6.903140068054199, 6.760857105255127, 7.32258415222168, 7.188049077987671, 7.128357887268066, 6.9529335498809814, 7.458066463470459, 6.8609418869018555, 7.229150772094727, 7.157271862030029, 6.975271463394165, 7.147287845611572, 7.219186544418335, 6.933142900466919, 7.356024980545044, 6.664193630218506, 7.29184627532959, 7.369886875152588, 7.236048936843872, 6.9899609088897705, 6.959257364273071, 6.797564268112183, 7.657644510269165, 6.791657447814941, 7.337289094924927, 7.323408126831055, 6.688932657241821, 7.141914367675781, 7.0524961948394775, 7.16340970993042, 6.971146821975708, 6.9737818241119385, 6.934804439544678, 6.783554792404175]}}