{"acc": [0.44963108772211735, 0.44961769707682214, 0.4496444783674125, 0.4759570963724742, 0.7693863067261212, 0.8263099398760027, 0.8943745899114879, 0.9051004967929405, 0.9083945955355589, 0.9090775184456139, 0.9095461910309458, 0.9098407852274402, 0.910041644906868, 0.91017555135982, 0.9103228484580672, 0.9104701455563143, 0.9105906613639712, 0.9106308332998567, 0.9106442239451519, 0.9106576145904471, 0.9106576145904471, 0.9106710052357423, 0.9106710052357423, 0.9106710052357423, 0.9106710052357423, 0.9106710052357423, 0.9106710052357423, 0.9106710052357423, 0.9106710052357423, 0.9990224828934506, 0.999250123863469], "mcc": [-0.0046340810940134975, -0.00535101176245997, 0.0011754953129924407, 0.14645483508552717, 0.646829986033819, 0.7351534419429042, 0.842913592371083, 0.8608186032282402, 0.8661975708700469, 0.8672520949669115, 0.8679959661135972, 0.8684890948203887, 0.8688312354817374, 0.869064050098781, 0.8693122466304994, 0.8695545971028625, 0.8697594283410636, 0.8698316274642567, 0.8698576557367962, 0.869879191919494, 0.8698805805977696, 0.8699052229384491, 0.8699080029039681, 0.8699080029039681, 0.8699080029039681, 0.8699080029039681, 0.8699080029039681, 0.8699080029039681, 0.8699080029039681, 0.9984885864772718, 0.9988403631477611], "f1": [0.2067795462033248, 0.20677529805892206, 0.20705228425189992, 0.2842801049978395, 0.7631300381200073, 0.8213394463187292, 0.8873698556523499, 0.8981450229254607, 0.9014388343799169, 0.9020983205325611, 0.9025547970974822, 0.9028375667168377, 0.903026661657551, 0.9031529398297605, 0.9032874317383821, 0.9034241263370867, 0.9035375250489167, 0.9035761466118073, 0.9035928602616597, 0.9036087480304609, 0.9036125838889496, 0.903625462867336, 0.9036331360318762, 0.9036331360318762, 0.9036331360318762, 0.9036331360318762, 0.9036331360318762, 0.9036331360318762, 0.9036331360318762, 0.9990262973162243, 0.9992517878832431], "times": {"epochs": [6.479672193527222, 1.0811779499053955, 1.0860018730163574, 1.0369398593902588, 1.0373377799987793, 1.0317878723144531, 1.0348851680755615, 1.0108444690704346, 1.0629348754882812, 1.0353529453277588, 1.0182478427886963, 1.0028653144836426, 1.0082385540008545, 1.027571201324463, 1.0579321384429932, 1.02189302444458, 0.9988515377044678, 1.019676923751831, 1.0387799739837646, 1.0735442638397217, 1.021131992340088, 1.010554552078247, 1.0298233032226562, 1.0203957557678223, 1.0365166664123535, 0.9991776943206787, 1.0003509521484375, 1.0199346542358398, 1.0301926136016846, 1.143289566040039, 1.2597088813781738], "global_times": [6.6568922996521, 7.738309860229492, 8.824552774429321, 9.86174464225769, 10.899344444274902, 11.931418657302856, 12.966537237167358, 13.977616548538208, 15.040812969207764, 16.076425790786743, 17.094913482666016, 18.098016262054443, 19.106491804122925, 20.134299278259277, 21.19247269630432, 22.21622133255005, 23.215308904647827, 24.235222816467285, 25.274266242980957, 26.348041534423828, 27.36940908432007, 28.380223274230957, 29.410293102264404, 30.43091893196106, 31.46766757965088, 32.46737313270569, 33.46795344352722, 34.48811888694763, 35.518540382385254, 36.66205835342407, 37.92209839820862]}}