{"acc": [0.4775380961804868, 0.6560459133188205, 0.6752424302394617, 0.7009697209578468, 0.7280823273302989, 0.7488620621413022, 0.7601424896101326, 0.7637047298634475, 0.7658816544626954, 0.7728082327330299, 0.7755788640411637, 0.7801306154759549, 0.7995250346328914, 0.8224816940431426, 0.8100138531565406, 0.8236691074609143, 0.8581040965762913, 0.8594894122303582, 0.8383138729467643, 0.8616663368296061, 0.8810607559865427, 0.8840292895309717, 0.8824460716406095, 0.8927369879279636, 0.8921432812190778, 0.8927369879279636, 0.9024341975064318, 0.9050069265782703, 0.9061943399960419, 0.911339798139719, 0.9133188205026717, 0.916485256283396, 0.9204433010093014, 0.923807639026321, 0.9271719770433406, 0.9261824658618643, 0.9331090441321986, 0.9374628933306947, 0.9410251335840095, 0.944389471601029, 0.9432020581832574, 0.9507223431624777, 0.9493370275084109, 0.955274094597269, 0.9590342370868791, 0.9635859885216703, 0.9675440332475757, 0.9637838907579656, 0.9705125667920047, 0.9707104690283, 0.9740748070453196, 0.9784286562438156, 0.9810013853156541, 0.9817929942608351, 0.990500692657827, 0.9895111814763506, 0.9922818127844845, 0.9956461508015041, 0.997031466455571], "mcc": [0.14319365268505682, 0.41807781212156314, 0.4617123412306641, 0.5025374792858553, 0.5558249895294053, 0.600774059509058, 0.6238178019182812, 0.6360800526281403, 0.6420210904837076, 0.6526063305136257, 0.6563122997572874, 0.6635010626367692, 0.6916783695761982, 0.7251728654517706, 0.7079607275421845, 0.7278762594259888, 0.7760766296381952, 0.7776498642782569, 0.7489712722531432, 0.7823126231187592, 0.8058327797485754, 0.8101956989295892, 0.8084141337551651, 0.8230745141026806, 0.8229663502776162, 0.8244413546450305, 0.839019182134786, 0.8427770660301147, 0.8451673242288578, 0.853087541087002, 0.8560391474491706, 0.861874388239765, 0.8679737443852805, 0.8738555529423417, 0.8793280661384781, 0.8781009836237702, 0.8890864966404737, 0.8965228330224211, 0.9022543924180794, 0.9079672664337701, 0.9060058090209604, 0.9184695753141454, 0.9162860628572458, 0.9259541072013179, 0.9322839534175323, 0.9397794568775272, 0.9463428881097202, 0.9403717256820915, 0.9512530102888911, 0.9517170488880018, 0.9572394061325751, 0.9643792456451352, 0.9686212115046667, 0.9700042431749509, 0.9843121997784542, 0.9826819185475008, 0.9872561696733726, 0.9928179673374178, 0.9951018792817009], "f1": [0.3992622590245804, 0.4830950637466389, 0.5126910871974247, 0.5551012011541064, 0.590197398242279, 0.6143490469670546, 0.6281764736401781, 0.6240488371162088, 0.6230948333267957, 0.6395513991208183, 0.6460725223224016, 0.655819983763605, 0.703374331831855, 0.7523943048483804, 0.7248476120276709, 0.7534003410601704, 0.8185565199027597, 0.8214226053519463, 0.7812045179792287, 0.8234053208379807, 0.8600396299802671, 0.8644913900790175, 0.8612616129829972, 0.878042946711437, 0.8756346682637431, 0.8757835698898789, 0.89006890637352, 0.8941644692117263, 0.8947197330787565, 0.9020104668762906, 0.9057999602597436, 0.9077023639021157, 0.9137126709878117, 0.916503785621253, 0.920634718249835, 0.9185600086310686, 0.9277332826190493, 0.9340906933111676, 0.9370445952341327, 0.9412809144528808, 0.9386774575014596, 0.9479621002563494, 0.9452312822557302, 0.9522229686053629, 0.9561419946896857, 0.9611544605379221, 0.9657823082369941, 0.9609857191749839, 0.9686043101778484, 0.9685629592814529, 0.9722025927790496, 0.9769055820601306, 0.9797181700740502, 0.9806039215375755, 0.9898486731700288, 0.9887943187979097, 0.9916865355622063, 0.9951914467299083, 0.9967766528313858], "times": {"epochs": [3.2941932678222656, 0.10309505462646484, 0.09660506248474121, 0.09610462188720703, 0.09660005569458008, 0.0954427719116211, 0.09776425361633301, 0.11678075790405273, 0.09980511665344238, 0.09561991691589355, 0.09725236892700195, 0.09682035446166992, 0.09735846519470215, 0.0996103286743164, 0.09738039970397949, 0.09863090515136719, 0.09929656982421875, 0.09982705116271973, 0.10020637512207031, 0.09861373901367188, 0.10005331039428711, 0.09799742698669434, 0.09984779357910156, 0.10304403305053711, 0.14143610000610352, 0.10066342353820801, 0.0955820083618164, 0.11867642402648926, 0.09848713874816895, 0.09851717948913574, 0.10960149765014648, 0.14446592330932617, 0.10390067100524902, 0.09776449203491211, 0.0943138599395752, 0.11394476890563965, 0.101348876953125, 0.09781813621520996, 0.11203145980834961, 0.1124880313873291, 0.09985470771789551, 0.10145092010498047, 0.10187578201293945, 0.10350823402404785, 0.09776759147644043, 0.09700584411621094, 0.09651780128479004, 0.09783482551574707, 0.11455392837524414, 0.10286355018615723, 0.09726834297180176, 0.0983738899230957, 0.10324883460998535, 0.10108208656311035, 0.09940147399902344, 0.11103296279907227, 0.09831523895263672, 0.10028719902038574, 0.09906363487243652], "global_times": [4.711739778518677, 4.815033674240112, 4.911828517913818, 5.008121490478516, 5.104916334152222, 5.200567007064819, 5.298524856567383, 5.4155049324035645, 5.515531301498413, 5.611345529556274, 5.708807468414307, 5.80582332611084, 5.903383016586304, 6.003201723098755, 6.100775718688965, 6.199605703353882, 6.299100160598755, 6.399137258529663, 6.499545335769653, 6.598353147506714, 6.6986119747161865, 6.796805143356323, 6.896852493286133, 7.000103950500488, 7.14176344871521, 7.242624044418335, 7.338404178619385, 7.457296848297119, 7.555974006652832, 7.654692888259888, 7.764491081237793, 7.909178018569946, 8.01335072517395, 8.111323118209839, 8.205847024917603, 8.31998896598816, 8.421536445617676, 8.519567251205444, 8.631798505783081, 8.744483232498169, 8.844545364379883, 8.946194648742676, 9.048265933990479, 9.151971578598022, 9.249935865402222, 9.347148895263672, 9.44386076927185, 9.541897296905518, 9.656649112701416, 9.759713172912598, 9.857170104980469, 9.955738067626953, 10.059175252914429, 10.160486698150635, 10.26009726524353, 10.371325731277466, 10.469838857650757, 10.57031512260437, 10.669589519500732]}}