{"acc": [0.528201068672076, 0.6435780724322184, 0.6902830001979022, 0.7399564615080151, 0.7425291905798536, 0.7460914308331684, 0.7522264001583218, 0.756778151593113, 0.7623194142093805, 0.7650900455175144, 0.7813180288937265, 0.7811201266574312, 0.7823075400752029, 0.7381753413813577, 0.690085097961607, 0.6976053829408272, 0.7646942410449238, 0.7591529784286563, 0.7557886404116366, 0.7642984365723333, 0.7805264199485454, 0.7838907579655651, 0.8193152582624184, 0.8125865822283792, 0.8513754205422521, 0.8660201860281022, 0.8802691470413616, 0.8903621610924204, 0.887195725311696, 0.8978824460716406, 0.8891747476746488, 0.8986740550168217, 0.9095586780130616, 0.9024341975064318, 0.9139125272115575, 0.9180684741737581, 0.9198495943004156, 0.9240055412626162, 0.936275479912923, 0.9253908569166832, 0.9437957648921432, 0.9335048486047892, 0.9477538096180487, 0.9515139521076588, 0.9550761923609736, 0.967741935483871, 0.9667524243023946, 0.968533544429052, 0.9786265584801108, 0.9823867009697209, 0.9776370472986344, 0.9835741143874925, 0.9879279635859886, 0.9928755194933703, 0.9908964971304176, 0.9944587373837325], "mcc": [0.1113861792426118, 0.3911729311003948, 0.4917482090539528, 0.6073527308147655, 0.6135126748902786, 0.6199002235148859, 0.6310318909541165, 0.6381416021182279, 0.6467474725579326, 0.6509687104876706, 0.6735399485729306, 0.6728850455450456, 0.675025168307477, 0.6063758355805937, 0.49777530074251075, 0.5043265679370014, 0.6466267934393034, 0.6393785526353771, 0.6362311156621231, 0.6492743165571442, 0.672403209492605, 0.6770959555764481, 0.7269393353138516, 0.7175303723092468, 0.7725422367986142, 0.7920675119168487, 0.8075342841504035, 0.8216724468058567, 0.8213139401595405, 0.8325844404488213, 0.8252168597124168, 0.8366857884263061, 0.851453652693083, 0.8450918325727464, 0.8589198989256515, 0.8656370463590066, 0.8701551492804206, 0.8767065460392914, 0.8955359396619593, 0.8811998657869365, 0.9079876688257316, 0.8935870916970975, 0.915408456911347, 0.9216220654472091, 0.927698465490412, 0.9473942481017263, 0.9461236349956119, 0.949263910772473, 0.9652988533830315, 0.9713750201177963, 0.9638247908806551, 0.9733416381345709, 0.9803666530933023, 0.9883878586137175, 0.9851857253005177, 0.9909649970667513], "f1": [0.2628046243303413, 0.48425845427021513, 0.5483696583413309, 0.5912150615514444, 0.5869757840687406, 0.5911697111433306, 0.5969481668536805, 0.6064495755248355, 0.6186153879432593, 0.6246097122334566, 0.6666803191696893, 0.6661683679987046, 0.6669551744065917, 0.5814129679516277, 0.53622119545799, 0.5566161837743219, 0.6362394716058918, 0.6210031934926935, 0.6055565779286605, 0.6246456781661182, 0.6630592380780215, 0.6715705844706753, 0.7498735000817248, 0.735604528912448, 0.809091371184531, 0.8347581993235766, 0.8620927419448989, 0.8777168076455748, 0.8680921168789273, 0.8895508377508051, 0.869960876620209, 0.885885355788826, 0.9044648838590845, 0.8881174987795978, 0.9078847777922255, 0.9129279390750461, 0.9121357923290936, 0.9172412666846586, 0.9333531098433915, 0.9168065769157344, 0.9409482120932019, 0.9267704083621746, 0.9439053963516607, 0.9479709828248967, 0.9516781810191407, 0.9662066982436156, 0.9648397090566428, 0.9666667551780636, 0.9776581689602161, 0.981644111827206, 0.976531149661627, 0.9828701951791913, 0.9874424041018823, 0.9925997595012038, 0.9905377298136339, 0.9942365088913109], "times": {"epochs": [0.21744251251220703, 0.09896302223205566, 0.10295438766479492, 0.10793948173522949, 0.10068273544311523, 0.09879374504089355, 0.09458422660827637, 0.09621262550354004, 0.09841036796569824, 0.10077190399169922, 0.09583592414855957, 0.09652900695800781, 0.09875822067260742, 0.09904932975769043, 0.11637115478515625, 0.09963250160217285, 0.11458873748779297, 0.0972893238067627, 0.09656214714050293, 0.10117959976196289, 0.10530829429626465, 0.11329817771911621, 0.11075544357299805, 0.10606741905212402, 0.09966397285461426, 0.1018822193145752, 0.09862017631530762, 0.09764933586120605, 0.09575939178466797, 0.09700322151184082, 0.09693074226379395, 0.09788703918457031, 0.09701228141784668, 0.10309457778930664, 0.10018658638000488, 0.09822797775268555, 0.10318946838378906, 0.09688496589660645, 0.09709882736206055, 0.0978996753692627, 0.09523868560791016, 0.10220074653625488, 0.09924459457397461, 0.10216712951660156, 0.10168886184692383, 0.09700393676757812, 0.09934091567993164, 0.10308694839477539, 0.09475016593933105, 0.10377335548400879, 0.10118842124938965, 0.09947466850280762, 0.10777139663696289, 0.10332107543945312, 0.09882283210754395, 0.09936904907226562], "global_times": [1.6616406440734863, 1.8284931182861328, 1.9960591793060303, 2.170450448989868, 2.3370985984802246, 2.5018179416656494, 2.662075996398926, 2.8204383850097656, 2.9800477027893066, 3.144970655441284, 3.301267623901367, 3.4582135677337646, 3.622422695159912, 3.775024652481079, 3.9210221767425537, 4.047568082809448, 4.19269061088562, 4.325612306594849, 4.4513304233551025, 4.5872039794921875, 4.722409725189209, 4.868051767349243, 5.013819456100464, 5.15211033821106, 5.280170679092407, 5.412165641784668, 5.546907663345337, 5.679128885269165, 5.810450792312622, 5.938565254211426, 6.071125268936157, 6.203405857086182, 6.335001707077026, 6.4750823974609375, 6.609580039978027, 6.741788387298584, 6.878556966781616, 7.009046316146851, 7.139468669891357, 7.267196416854858, 7.391088962554932, 7.521251440048218, 7.652485370635986, 7.782846927642822, 7.918137073516846, 8.043479442596436, 8.170623540878296, 8.310547113418579, 8.432822704315186, 8.564437627792358, 8.696999549865723, 8.825917720794678, 8.96780776977539, 9.101476669311523, 9.228847742080688, 9.362644910812378]}}