{"times": {"train": [17.614413499832153, 13.53394365310669, 11.692036628723145, 11.743677377700806, 11.724520206451416, 11.58740496635437, 9.931110143661499, 9.823814630508423, 9.95100450515747, 11.625484228134155, 9.900762796401978, 9.796279907226562, 11.771209239959717, 13.578433990478516, 13.601186752319336, 11.4992036819458, 11.51632308959961, 9.84260630607605, 11.681798696517944, 13.6023530960083, 11.725745677947998, 9.818339109420776, 11.73205041885376, 11.844356775283813, 11.676015853881836, 11.755293369293213, 9.714516162872314, 13.530482530593872, 9.805601835250854, 11.645216703414917, 11.701379776000977, 15.3570876121521, 9.934191465377808, 11.768216371536255, 11.672387599945068, 9.69506549835205, 11.731467962265015, 13.608457088470459, 11.67784857749939, 9.862781524658203, 13.535149574279785, 11.678818941116333, 13.451590776443481, 13.341654300689697, 11.573620319366455, 11.5559720993042, 9.86840295791626], "comm_send": [0.0003402233123779297, 0.00026226043701171875, 0.00025916099548339844, 0.0002970695495605469, 0.00024271011352539062, 0.00032806396484375, 0.0002493858337402344, 0.0002562999725341797, 0.0003142356872558594, 0.00025582313537597656, 0.0002684593200683594, 0.0002644062042236328, 0.0002579689025878906, 0.0002529621124267578, 0.00024628639221191406, 0.0002636909484863281, 0.0002963542938232422, 0.0002434253692626953, 0.00025534629821777344, 0.0002951622009277344, 0.00024390220642089844, 0.00032639503479003906, 0.0002579689025878906, 0.000324249267578125, 0.0003483295440673828, 0.0002510547637939453, 0.00027060508728027344, 0.0002429485321044922, 0.0002536773681640625, 0.0002474784851074219, 0.00024962425231933594, 0.0002944469451904297, 0.00024819374084472656, 0.0002472400665283203, 0.00027108192443847656, 0.00023818016052246094, 0.00025653839111328125, 0.000247955322265625, 0.0002791881561279297, 0.0002493858337402344, 0.00024628639221191406, 0.0002810955047607422, 0.0002560615539550781, 0.00025153160095214844, 0.0003421306610107422, 0.0002689361572265625, 0.0003235340118408203], "comm_recv": [0.0040531158447265625, 0.0034706592559814453, 0.003975391387939453, 0.003896951675415039, 0.0037674903869628906, 0.003654956817626953, 0.003626585006713867, 0.003766298294067383, 1.229229211807251, 2.720083713531494, 1.8661456108093262, 1.595606803894043, 0.004136562347412109, 0.004185914993286133, 0.004925966262817383, 0.00455021858215332, 0.003939151763916016, 0.003954887390136719, 0.0037229061126708984, 0.004347324371337891, 0.0038275718688964844, 0.003954172134399414, 0.0038666725158691406, 0.004011869430541992, 0.004240512847900391, 0.004129886627197266, 0.003920793533325195, 0.004010677337646484, 3.249459981918335, 0.026901960372924805, 0.041135549545288086, 0.003895282745361328, 0.003927707672119141, 0.003972530364990234, 0.004128694534301758, 0.4168741703033447, 0.003897428512573242, 0.003906965255737305, 0.0040285587310791016, 0.004006385803222656, 0.004023313522338867, 0.004053592681884766, 0.0040552616119384766, 0.004044294357299805, 0.003880739212036133, 0.004342079162597656, 0.004256486892700195], "conv_send": [0.010255098342895508, 0.010756731033325195, 0.010439157485961914, 0.010433197021484375, 0.011045455932617188, 0.011223316192626953, 0.010291576385498047, 0.010418415069580078, 0.01035928726196289, 0.010700464248657227, 0.010645627975463867, 0.010840892791748047, 0.011197090148925781, 0.01080465316772461, 0.01063847541809082, 0.01042032241821289, 0.010149717330932617, 0.010582208633422852, 0.010392427444458008, 0.011147260665893555, 0.010743379592895508, 0.010567903518676758, 0.010810136795043945, 0.010706663131713867, 0.01057291030883789, 0.010299444198608398, 0.010564088821411133, 0.012009859085083008, 0.01037907600402832, 0.010406017303466797, 0.010614871978759766, 0.010970830917358398, 0.010220766067504883, 0.010500192642211914, 0.010427474975585938, 0.010364055633544922, 0.010857343673706055, 0.010859251022338867, 0.010509967803955078, 0.010442972183227539, 0.010901212692260742, 0.010684967041015625, 0.010862112045288086, 0.010851860046386719, 0.010319232940673828, 0.010454893112182617, 0.011029720306396484], "conv_recv": [0.0003440380096435547, 0.00040841102600097656, 0.0003688335418701172, 0.00035572052001953125, 0.0003216266632080078, 0.0003948211669921875, 0.0003402233123779297, 0.0003790855407714844, 0.0004107952117919922, 0.00038361549377441406, 0.00038433074951171875, 0.0003898143768310547, 0.00036787986755371094, 0.0003631114959716797, 0.0003509521484375, 0.0005033016204833984, 0.0003693103790283203, 0.0003743171691894531, 0.0003485679626464844, 0.0003838539123535156, 0.0003459453582763672, 0.0004787445068359375, 0.00037169456481933594, 0.00038814544677734375, 0.00035858154296875, 0.00033593177795410156, 0.00042510032653808594, 0.00036525726318359375, 0.00039577484130859375, 0.0003979206085205078, 0.00039839744567871094, 0.0004642009735107422, 0.0003428459167480469, 0.0003712177276611328, 0.0003554821014404297, 0.00039386749267578125, 0.00036978721618652344, 0.0003688335418701172, 0.0004203319549560547, 0.00037479400634765625, 0.00037169456481933594, 0.0003662109375, 0.0003533363342285156, 0.0003688335418701172, 0.000347137451171875, 0.00041675567626953125, 0.0003924369812011719], "epochs": [17.654040336608887, 13.573669910430908, 11.731637239456177, 11.783221960067749, 11.76369047164917, 11.62772822380066, 9.969740152359009, 9.863059520721436, 11.215359449386597, 14.381072998046875, 11.80257773399353, 11.428282737731934, 11.812202453613281, 13.61860466003418, 13.642007112503052, 11.539710998535156, 11.555041790008545, 9.882454872131348, 11.721352815628052, 13.643744230270386, 11.765380144119263, 9.858441591262817, 11.772443532943726, 11.884480714797974, 11.716171503067017, 11.794659852981567, 9.754360914230347, 13.57177448272705, 13.09077262878418, 11.707904815673828, 11.778765439987183, 15.397539377212524, 9.973184823989868, 11.807937145233154, 11.712034940719604, 10.147477149963379, 11.77171015739441, 13.648289442062378, 11.718030214309692, 9.902294635772705, 13.575395107269287, 11.719151496887207, 13.49164080619812, 13.381919622421265, 11.612866640090942, 11.596192836761475, 9.909680366516113]}}