{"times": {"train": [20.163137674331665, 9.97024655342102, 10.153897762298584, 11.870203018188477, 13.596851348876953, 9.975230932235718, 10.171914339065552, 11.825535297393799, 11.883288145065308, 10.088818550109863, 10.213222026824951, 11.881672859191895, 13.63078761100769, 10.083194255828857, 10.051998376846313, 10.080581426620483, 11.983794450759888, 10.149159908294678, 11.937262058258057, 10.153418064117432, 10.122264623641968, 13.654885530471802, 10.166301965713501, 11.887429237365723, 11.926440477371216, 11.844494819641113, 13.58944845199585, 9.982057094573975, 10.08675217628479, 11.753268241882324, 10.148927688598633, 11.884223461151123, 13.49275255203247, 11.884351015090942, 11.89275860786438, 10.000284194946289, 11.8952796459198, 11.883208274841309, 11.859125137329102, 13.633698225021362, 11.81081223487854, 10.085620164871216, 11.770715475082397, 9.98288869857788, 11.804333686828613, 11.956812620162964, 10.144012212753296], "comm_send": [0.00037670135498046875, 0.0002703666687011719, 0.000255584716796875, 0.00025343894958496094, 0.0002815723419189453, 0.0003044605255126953, 0.00025916099548339844, 0.00024771690368652344, 0.0002582073211669922, 0.0002834796905517578, 0.0003383159637451172, 0.0002524852752685547, 0.00025653839111328125, 0.0002694129943847656, 0.000286102294921875, 0.0002598762512207031, 0.000270843505859375, 0.000335693359375, 0.0003037452697753906, 0.00024390220642089844, 0.00026726722717285156, 0.00031828880310058594, 0.0002505779266357422, 0.00024127960205078125, 0.00028252601623535156, 0.0002589225769042969, 0.0002663135528564453, 0.00025582313537597656, 0.0002415180206298828, 0.0002620220184326172, 0.00025582313537597656, 0.0002613067626953125, 0.00026345252990722656, 0.00025343894958496094, 0.000255584716796875, 0.0004878044128417969, 0.0018515586853027344, 0.00023865699768066406, 0.00026988983154296875, 0.0002655982971191406, 0.00024271011352539062, 0.00029587745666503906, 0.000247955322265625, 0.00023484230041503906, 0.0002467632293701172, 0.00024199485778808594, 0.0005559921264648438], "comm_recv": [0.0037946701049804688, 0.003603219985961914, 0.0036051273345947266, 0.0039598941802978516, 0.003591775894165039, 0.004021883010864258, 0.3117060661315918, 0.004032611846923828, 0.004044532775878906, 3.1406331062316895, 1.55668306350708, 0.003511667251586914, 0.0040738582611083984, 0.0038187503814697266, 0.004049539566040039, 2.525290012359619, 0.004164934158325195, 1.008458137512207, 0.003907918930053711, 0.0066432952880859375, 2.8307278156280518, 0.00393986701965332, 1.3487184047698975, 0.003857851028442383, 0.0042150020599365234, 0.00380706787109375, 0.0038971900939941406, 0.004288673400878906, 2.3803212642669678, 0.00382232666015625, 1.5105862617492676, 0.0035648345947265625, 0.003916263580322266, 0.003798961639404297, 0.00376129150390625, 0.0038518905639648438, 0.004119873046875, 0.003928184509277344, 0.0039424896240234375, 0.0038840770721435547, 0.004103183746337891, 0.00404047966003418, 0.004132747650146484, 0.43868303298950195, 1.061427116394043, 0.45150041580200195, 1.6932873725891113], "conv_send": [0.011557817459106445, 0.011011838912963867, 0.011276721954345703, 0.01147913932800293, 0.010913372039794922, 0.011224508285522461, 0.011225223541259766, 0.011460065841674805, 0.011468648910522461, 0.010992288589477539, 0.011762619018554688, 0.011074304580688477, 0.011199235916137695, 0.010984182357788086, 0.011019706726074219, 0.011028766632080078, 0.01247549057006836, 0.011057138442993164, 0.011080503463745117, 0.010868549346923828, 0.01131892204284668, 0.01188516616821289, 0.010912179946899414, 0.010861396789550781, 0.011496305465698242, 0.010945320129394531, 0.011308431625366211, 0.011210203170776367, 0.010697126388549805, 0.011052370071411133, 0.011205673217773438, 0.011098861694335938, 0.011379480361938477, 0.011106491088867188, 0.011479377746582031, 0.011061906814575195, 0.011340856552124023, 0.010830402374267578, 0.01120138168334961, 0.01142263412475586, 0.011121988296508789, 0.011210203170776367, 0.011016845703125, 0.010671138763427734, 0.010619640350341797, 0.011337041854858398, 0.011435508728027344], "conv_recv": [0.00041675567626953125, 0.00041937828063964844, 0.0003604888916015625, 0.0003857612609863281, 0.00042724609375, 0.0003898143768310547, 0.00039458274841308594, 0.0003821849822998047, 0.0004763603210449219, 0.00040030479431152344, 0.00043487548828125, 0.0003485679626464844, 0.00038313865661621094, 0.0003590583801269531, 0.000370025634765625, 0.0008289813995361328, 0.00043082237243652344, 0.00044465065002441406, 0.00038313865661621094, 0.0003609657287597656, 0.00046133995056152344, 0.00040435791015625, 0.00039887428283691406, 0.00035643577575683594, 0.0004417896270751953, 0.0003504753112792969, 0.0003528594970703125, 0.0003883838653564453, 0.00038743019104003906, 0.00037670135498046875, 0.000400543212890625, 0.0003998279571533203, 0.0003936290740966797, 0.0003876686096191406, 0.00036072731018066406, 0.0004057884216308594, 0.00043320655822753906, 0.0003540515899658203, 0.0003802776336669922, 0.0003838539123535156, 0.0003743171691894531, 0.00038623809814453125, 0.0003657341003417969, 0.0003991127014160156, 0.0003902912139892578, 0.0004200935363769531, 0.0004684925079345703], "epochs": [20.20528793334961, 10.011233806610107, 10.19562315940857, 11.912238359451294, 13.637842178344727, 10.017286539077759, 10.521621942520142, 11.867698907852173, 11.92523455619812, 13.266704320907593, 11.808139324188232, 11.922506332397461, 13.673002004623413, 10.124205350875854, 10.093636274337769, 12.645285367965698, 12.02739953994751, 11.195312738418579, 11.97936749458313, 10.196891069412231, 12.991374969482422, 13.697577953338623, 11.55239748954773, 11.928444862365723, 11.9692964553833, 11.88535737991333, 13.630859375, 10.024250268936157, 12.504140377044678, 11.794888973236084, 11.697457790374756, 11.925174236297607, 13.53441834449768, 11.926060199737549, 11.934438943862915, 10.042136907577515, 11.939604997634888, 11.923892974853516, 11.90104603767395, 13.675402402877808, 11.85276460647583, 10.127490043640137, 11.812127351760864, 10.458098888397217, 12.902336359024048, 12.446366786956787, 11.875355005264282]}}