{"times": {"train": [16.237902402877808, 10.030641078948975, 11.796588897705078, 10.0379056930542, 11.782418489456177, 13.53903579711914, 11.842461109161377, 11.850510120391846, 15.37653374671936, 11.601358890533447, 11.601166248321533, 9.968550205230713, 11.875679731369019, 11.826863050460815, 9.940847396850586, 9.920078754425049, 10.148823976516724, 13.598434209823608, 11.821192979812622, 11.813746213912964, 10.148014307022095, 9.993472814559937, 11.798732042312622, 11.902233839035034, 10.058429479598999, 10.045145511627197, 11.807187557220459, 11.730855941772461, 9.862667560577393, 9.956185340881348, 10.017676830291748, 10.02181077003479, 11.825304508209229, 11.795596837997437, 9.969317197799683, 10.015627384185791, 10.018332958221436, 10.127312660217285, 11.741857528686523, 11.79462456703186, 13.602220296859741, 9.949618577957153, 9.868659973144531, 11.835299968719482, 13.634059429168701, 11.633328914642334, 11.858309030532837], "comm_send": [0.00031447410583496094, 0.0002579689025878906, 0.00025963783264160156, 0.00022554397583007812, 0.00029587745666503906, 0.0002512931823730469, 0.0002646446228027344, 0.0002512931823730469, 0.0003769397735595703, 0.00026297569274902344, 0.0002384185791015625, 0.0002639293670654297, 0.00031113624572753906, 0.00029206275939941406, 0.00024890899658203125, 0.0002334117889404297, 0.00023555755615234375, 0.0003304481506347656, 0.0002689361572265625, 0.0002880096435546875, 0.0002574920654296875, 0.0002455711364746094, 0.00023555755615234375, 0.00028586387634277344, 0.0002779960632324219, 0.0002624988555908203, 0.0002346038818359375, 0.00025963783264160156, 0.0002570152282714844, 0.0002665519714355469, 0.0002810955047607422, 0.0002989768981933594, 0.0002498626708984375, 0.0002639293670654297, 0.0004582405090332031, 0.00044226646423339844, 0.00025272369384765625, 0.0002658367156982422, 0.0002689361572265625, 0.00025916099548339844, 0.0002586841583251953, 0.00023698806762695312, 0.00024080276489257812, 0.0002541542053222656, 0.0002837181091308594, 0.00024771690368652344, 0.00024390220642089844], "comm_recv": [0.0037741661071777344, 2.3919665813446045, 0.003515481948852539, 0.2688789367675781, 0.2088336944580078, 0.0034835338592529297, 0.003606557846069336, 0.008215904235839844, 0.007903575897216797, 0.005081653594970703, 0.0038089752197265625, 0.0036013126373291016, 0.0041429996490478516, 0.005726814270019531, 0.0039958953857421875, 1.0825181007385254, 1.334195852279663, 0.003760814666748047, 0.0038857460021972656, 0.003805398941040039, 0.03057575225830078, 1.054891586303711, 1.6328182220458984, 0.0038738250732421875, 0.0043087005615234375, 0.003919839859008789, 0.4638857841491699, 0.9092323780059814, 4.938855171203613, 1.7153737545013428, 1.720268726348877, 0.05585837364196777, 1.3456263542175293, 0.0035207271575927734, 0.016388893127441406, 3.801600933074951, 1.538844347000122, 0.08399057388305664, 0.18441152572631836, 0.004073619842529297, 0.003729104995727539, 0.269059419631958, 0.5980267524719238, 2.105764627456665, 0.004073143005371094, 0.005593538284301758, 0.00406646728515625], "conv_send": [0.010900259017944336, 0.01051950454711914, 0.010860204696655273, 0.01031804084777832, 0.010937213897705078, 0.010495185852050781, 0.011057853698730469, 0.010779857635498047, 0.011149168014526367, 0.0111541748046875, 0.010476350784301758, 0.010746002197265625, 0.010854959487915039, 0.011249780654907227, 0.0108184814453125, 0.0102691650390625, 0.010662555694580078, 0.010724544525146484, 0.010796070098876953, 0.010580778121948242, 0.010812520980834961, 0.010593891143798828, 0.010334968566894531, 0.011023521423339844, 0.010927200317382812, 0.01064610481262207, 0.010332822799682617, 0.010510444641113281, 0.010840177536010742, 0.01074671745300293, 0.010823488235473633, 0.01072382926940918, 0.010788679122924805, 0.010855674743652344, 0.010667562484741211, 0.010846138000488281, 0.01078343391418457, 0.010937690734863281, 0.010801553726196289, 0.01109933853149414, 0.011202812194824219, 0.01049041748046875, 0.010424137115478516, 0.011658906936645508, 0.011137008666992188, 0.010401725769042969, 0.010551214218139648], "conv_recv": [0.0003533363342285156, 0.0004572868347167969, 0.0003857612609863281, 0.0005939006805419922, 0.00039839744567871094, 0.00038433074951171875, 0.0003676414489746094, 0.00039267539978027344, 0.0004401206970214844, 0.00045800209045410156, 0.00033593177795410156, 0.00043487548828125, 0.0003845691680908203, 0.0005044937133789062, 0.000377655029296875, 0.0004792213439941406, 0.0004551410675048828, 0.00042510032653808594, 0.00038051605224609375, 0.0004146099090576172, 0.00040793418884277344, 0.00040841102600097656, 0.000476837158203125, 0.0003609657287597656, 0.0004107952117919922, 0.0003757476806640625, 0.0004980564117431641, 0.00040340423583984375, 0.0004029273986816406, 0.0004324913024902344, 0.0004067420959472656, 0.00047969818115234375, 0.0004153251647949219, 0.00037789344787597656, 0.0004112720489501953, 0.0004062652587890625, 0.00041675567626953125, 0.0004131793975830078, 0.00043320655822753906, 0.0004885196685791016, 0.00037550926208496094, 0.0004069805145263672, 0.00045299530029296875, 0.0004038810729980469, 0.0003991127014160156, 0.00037097930908203125, 0.0003600120544433594], "epochs": [16.279300451278687, 12.459159851074219, 11.837318420410156, 10.343985080718994, 12.028232336044312, 13.57828426361084, 11.882813930511475, 11.895621061325073, 15.422176599502563, 11.64356541633606, 11.64045786857605, 10.008925199508667, 11.916768312454224, 11.870259284973145, 9.981931686401367, 11.03868818283081, 11.519540309906006, 13.63905119895935, 11.861814737319946, 11.85373854637146, 10.215487480163574, 11.084540367126465, 13.467347383499146, 11.94249963760376, 10.09984827041626, 10.086451053619385, 12.307121753692627, 12.676141738891602, 14.83791446685791, 11.708242893218994, 11.774760246276855, 10.114359617233276, 13.207796812057495, 11.836264848709106, 10.022238731384277, 13.854357719421387, 11.59407114982605, 10.248573303222656, 11.962993860244751, 11.83626914024353, 13.643069982528687, 10.254968643188477, 10.502698183059692, 13.978252410888672, 13.675419330596924, 11.67435336112976, 11.89950680732727]}}