{"times": {"train": [18.208051919937134, 11.646414995193481, 11.823403358459473, 13.585914373397827, 9.927272081375122, 11.704207181930542, 11.841780424118042, 10.040001630783081, 10.046972513198853, 10.052156209945679, 13.624159812927246, 9.96074914932251, 10.084230899810791, 11.91030240058899, 10.062814235687256, 10.009342432022095, 10.126461744308472, 11.761589765548706, 11.857119083404541, 13.65273928642273, 10.02990460395813, 10.090789318084717, 10.070804595947266, 10.19500470161438, 11.776898384094238, 10.076457977294922, 11.815321207046509, 13.62712049484253, 11.78144645690918, 10.023207426071167, 11.78537654876709, 13.677332162857056, 11.827378988265991, 10.09072494506836, 15.361868619918823, 11.705039501190186, 10.048848152160645, 11.854210138320923, 10.050708055496216, 10.00894546508789, 9.97844386100769, 10.119415998458862, 13.523388385772705, 11.779345273971558, 9.854874849319458, 11.62001085281372, 13.55685305595398], "comm_send": [0.00027370452880859375, 0.0002636909484863281, 0.0002865791320800781, 0.0002875328063964844, 0.00030159950256347656, 0.00029158592224121094, 0.00024819374084472656, 0.00042891502380371094, 0.00024580955505371094, 0.00025153160095214844, 0.00031065940856933594, 0.00028634071350097656, 0.0002377033233642578, 0.0005230903625488281, 0.0002429485321044922, 0.00026679039001464844, 0.0002529621124267578, 0.0002567768096923828, 0.0002617835998535156, 0.0002956390380859375, 0.0002646446228027344, 0.0002453327178955078, 0.00026345252990722656, 0.0004138946533203125, 0.0002627372741699219, 0.00026488304138183594, 0.0002949237823486328, 0.00025153160095214844, 0.00031185150146484375, 0.0002970695495605469, 0.0003230571746826172, 0.0003275871276855469, 0.00037360191345214844, 0.0005097389221191406, 0.0002796649932861328, 0.000255584716796875, 0.0002560615539550781, 0.0002639293670654297, 0.00031876564025878906, 0.0002570152282714844, 0.00026535987854003906, 0.00025582313537597656, 0.0002522468566894531, 0.0004055500030517578, 0.0002522468566894531, 0.00023102760314941406, 0.00027823448181152344], "comm_recv": [0.0040094852447509766, 0.003561735153198242, 0.0034682750701904297, 0.005037784576416016, 0.0034918785095214844, 0.003916263580322266, 0.004055023193359375, 0.004282951354980469, 0.053266048431396484, 4.235069274902344, 0.0036721229553222656, 0.003880023956298828, 0.003687143325805664, 0.004514217376708984, 1.4528753757476807, 2.9231855869293213, 1.3562953472137451, 0.003717184066772461, 0.006337881088256836, 0.0042307376861572266, 0.004328250885009766, 1.0561599731445312, 3.3594346046447754, 0.003946542739868164, 0.004262685775756836, 0.004132509231567383, 0.40674924850463867, 0.004048585891723633, 2.0239498615264893, 1.6500568389892578, 0.005216121673583984, 0.0038912296295166016, 0.003958940505981445, 0.004323244094848633, 0.004206180572509766, 0.0044977664947509766, 0.004118204116821289, 0.004202842712402344, 0.004121303558349609, 0.004131317138671875, 1.358302116394043, 2.004856824874878, 0.0039119720458984375, 0.0039577484130859375, 2.1034114360809326, 0.7927942276000977, 0.0041179656982421875], "conv_send": [0.011303186416625977, 0.01080775260925293, 0.011002302169799805, 0.010732889175415039, 0.010828495025634766, 0.01117086410522461, 0.011294126510620117, 0.011034011840820312, 0.010533571243286133, 0.010914087295532227, 0.011297941207885742, 0.010814666748046875, 0.010528326034545898, 0.011541604995727539, 0.010448932647705078, 0.010926961898803711, 0.010646820068359375, 0.010861873626708984, 0.011057376861572266, 0.011258840560913086, 0.011016130447387695, 0.010733604431152344, 0.010897636413574219, 0.010938405990600586, 0.01101827621459961, 0.010865449905395508, 0.011417388916015625, 0.011138916015625, 0.011020898818969727, 0.01059722900390625, 0.010975122451782227, 0.011066436767578125, 0.01120305061340332, 0.011449337005615234, 0.011206626892089844, 0.010673046112060547, 0.01100468635559082, 0.011411428451538086, 0.010953903198242188, 0.010924339294433594, 0.010866641998291016, 0.01060032844543457, 0.010695934295654297, 0.01114964485168457, 0.010567426681518555, 0.010416746139526367, 0.011374235153198242], "conv_recv": [0.00035691261291503906, 0.0004050731658935547, 0.00036215782165527344, 0.00044798851013183594, 0.0003695487976074219, 0.0003542900085449219, 0.00036716461181640625, 0.00037741661071777344, 0.00045108795166015625, 0.00041174888610839844, 0.0003669261932373047, 0.0003609657287597656, 0.0004153251647949219, 0.0004100799560546875, 0.0004448890686035156, 0.0003972053527832031, 0.00044035911560058594, 0.00035381317138671875, 0.0006062984466552734, 0.0003669261932373047, 0.0003857612609863281, 0.0004031658172607422, 0.00039768218994140625, 0.0003635883331298828, 0.0004458427429199219, 0.0003821849822998047, 0.00040435791015625, 0.0003693103790283203, 0.00041675567626953125, 0.00040078163146972656, 0.0003783702850341797, 0.00041103363037109375, 0.0003750324249267578, 0.00042629241943359375, 0.00038051605224609375, 0.00042939186096191406, 0.0003821849822998047, 0.0003867149353027344, 0.00039696693420410156, 0.0003769397735595703, 0.0003936290740966797, 0.0004596710205078125, 0.0003635883331298828, 0.0004684925079345703, 0.0003895759582519531, 0.00039649009704589844, 0.00040650367736816406], "epochs": [18.249627351760864, 11.687044858932495, 11.86397933959961, 13.628231763839722, 9.967592000961304, 11.745002746582031, 11.883387565612793, 10.082016706466675, 10.136540651321411, 14.323786973953247, 13.665356874465942, 10.00148344039917, 10.124088525772095, 11.952455759048462, 11.551942348480225, 12.969183444976807, 11.519141674041748, 11.802214622497559, 11.901297330856323, 13.694239616394043, 10.072289228439331, 11.183526754379272, 13.466970682144165, 10.235914468765259, 11.818698406219482, 10.117502450942993, 12.259358882904053, 13.668059587478638, 13.842359066009521, 11.709724187850952, 11.827853202819824, 13.717835664749146, 11.868935823440552, 10.133055686950684, 15.403614282608032, 11.746225595474243, 10.090671300888062, 11.896130800247192, 10.092161178588867, 10.050089120864868, 11.373688220977783, 12.16042447090149, 13.563807249069214, 11.820579051971436, 11.993953943252563, 12.448554754257202, 13.599061727523804]}}