{"times": {"train": [15.87863278388977, 11.591378450393677, 9.850740909576416, 9.977081298828125, 11.715636730194092, 15.363125085830688, 9.999289989471436, 11.801832675933838, 13.611945629119873, 9.571247100830078, 11.85143256187439, 11.793124437332153, 10.048247337341309, 11.739307165145874, 9.966084718704224, 11.763924598693848, 15.357880592346191, 9.942874431610107, 11.726430892944336, 11.59326720237732, 9.93368411064148, 13.589509010314941, 9.876558065414429, 10.06836986541748, 9.882606029510498, 9.92634892463684, 11.732099294662476, 11.61823558807373, 13.472790956497192, 9.817638397216797, 13.512085199356079, 11.762738227844238, 9.810696125030518, 11.68603777885437, 11.731208801269531, 9.906923294067383, 11.699553728103638, 11.889617681503296, 11.632378578186035, 11.760347843170166, 11.68647813796997, 10.010038137435913, 13.576112747192383, 9.883415699005127, 13.564986228942871, 11.752699851989746, 11.773496150970459], "comm_send": [0.00027871131896972656, 0.0002703666687011719, 0.000255584716796875, 0.00028443336486816406, 0.00024366378784179688, 0.0002675056457519531, 0.0002410411834716797, 0.00025177001953125, 0.0003211498260498047, 0.0002346038818359375, 0.0002808570861816406, 0.0002422332763671875, 0.0002448558807373047, 0.0002579689025878906, 0.0002486705780029297, 0.00023436546325683594, 0.00024580955505371094, 0.0002543926239013672, 0.0002770423889160156, 0.00024700164794921875, 0.00027298927307128906, 0.00025177001953125, 0.0002644062042236328, 0.00032019615173339844, 0.0002651214599609375, 0.00026106834411621094, 0.0002446174621582031, 0.00024700164794921875, 0.00027370452880859375, 0.00026154518127441406, 0.0002524852752685547, 0.00024127960205078125, 0.0003056526184082031, 0.00026488304138183594, 0.0002593994140625, 0.0002562999725341797, 0.00026035308837890625, 0.00026035308837890625, 0.0002770423889160156, 0.0002582073211669922, 0.0002396106719970703, 0.0002269744873046875, 0.00026726722717285156, 0.0002911090850830078, 0.00024318695068359375, 0.000255584716796875, 0.00023627281188964844], "comm_recv": [0.00910186767578125, 1.156987190246582, 1.0932273864746094, 1.1794846057891846, 0.27753591537475586, 0.0036988258361816406, 0.0038328170776367188, 0.0041735172271728516, 0.004183292388916016, 0.07014608383178711, 0.0037424564361572266, 0.0037789344787597656, 0.003393411636352539, 0.00413823127746582, 1.7089660167694092, 1.1715729236602783, 0.00392913818359375, 0.00403285026550293, 0.005333900451660156, 0.0038874149322509766, 0.0041942596435546875, 0.004294633865356445, 1.334183692932129, 0.0037152767181396484, 1.47137451171875, 0.41346144676208496, 0.796489953994751, 1.0243358612060547, 1.3210222721099854, 1.8578968048095703, 0.0036063194274902344, 0.003773212432861328, 0.004154205322265625, 0.003907442092895508, 0.004040718078613281, 2.1682488918304443, 0.0040967464447021484, 0.0036725997924804688, 0.0038750171661376953, 0.004079341888427734, 0.003871917724609375, 0.6173279285430908, 0.003713369369506836, 0.9429278373718262, 0.0036394596099853516, 0.0038874149322509766, 0.020296096801757812], "conv_send": [0.01065683364868164, 0.010642051696777344, 0.010962724685668945, 0.010614871978759766, 0.01082611083984375, 0.010777711868286133, 0.010354280471801758, 0.010440349578857422, 0.010646581649780273, 0.010151147842407227, 0.010873556137084961, 0.01048135757446289, 0.010287284851074219, 0.01047515869140625, 0.010526895523071289, 0.010313987731933594, 0.01061105728149414, 0.010676860809326172, 0.01096963882446289, 0.010264873504638672, 0.01080942153930664, 0.010878324508666992, 0.010039329528808594, 0.010696887969970703, 0.010674238204956055, 0.010440349578857422, 0.010346174240112305, 0.010872602462768555, 0.010856151580810547, 0.010585546493530273, 0.010807037353515625, 0.010867118835449219, 0.010741949081420898, 0.010953903198242188, 0.010888814926147461, 0.010544776916503906, 0.010869979858398438, 0.010676383972167969, 0.011389017105102539, 0.010720014572143555, 0.010794401168823242, 0.010396957397460938, 0.011111736297607422, 0.010525941848754883, 0.010987520217895508, 0.01096653938293457, 0.010392427444458008], "conv_recv": [0.00037169456481933594, 0.00044918060302734375, 0.00039196014404296875, 0.0003879070281982422, 0.00042629241943359375, 0.0003745555877685547, 0.0003383159637451172, 0.00036978721618652344, 0.0003762245178222656, 0.0003802776336669922, 0.0003590583801269531, 0.00034117698669433594, 0.0003180503845214844, 0.0003657341003417969, 0.00040841102600097656, 0.0003917217254638672, 0.000377655029296875, 0.000354766845703125, 0.0004734992980957031, 0.0003376007080078125, 0.0003724098205566406, 0.000461578369140625, 0.00037360191345214844, 0.0004956722259521484, 0.00038743019104003906, 0.0003960132598876953, 0.00038886070251464844, 0.0003941059112548828, 0.00044226646423339844, 0.0003879070281982422, 0.0003609657287597656, 0.0003304481506347656, 0.0004253387451171875, 0.0003948211669921875, 0.0003676414489746094, 0.0003848075866699219, 0.0004515647888183594, 0.0003447532653808594, 0.0005917549133300781, 0.0003581047058105469, 0.0003483295440673828, 0.00038933753967285156, 0.0003643035888671875, 0.0004563331604003906, 0.00034546852111816406, 0.00033354759216308594, 0.00046181678771972656], "epochs": [15.924335241317749, 12.784521579742432, 10.981615781784058, 11.192502498626709, 12.029658794403076, 15.40319037437439, 10.03860330581665, 11.841787099838257, 13.652390480041504, 9.676682710647583, 11.891424179077148, 11.832621574401855, 10.086575746536255, 11.77902340888977, 11.711055040359497, 12.970937490463257, 15.397574663162231, 9.982815980911255, 11.768580436706543, 11.632594347000122, 9.974517345428467, 13.63023328781128, 11.245869874954224, 10.10854458808899, 11.39038610458374, 10.375822067260742, 12.564192056655884, 12.678700923919678, 14.830166816711426, 11.71187710762024, 13.552256107330322, 11.802132606506348, 9.851718187332153, 11.727153301239014, 11.772430896759033, 12.111608743667603, 11.740618705749512, 11.929778099060059, 11.675076723098755, 11.800691604614258, 11.72663688659668, 10.663271188735962, 13.61689305305481, 10.862390518188477, 13.60498833656311, 11.793019533157349, 11.829801559448242]}}