{"times": {"train": [20.26668906211853, 11.875940799713135, 10.15305209159851, 11.777188301086426, 13.658528566360474, 10.106067180633545, 10.179432392120361, 11.908771991729736, 10.095837593078613, 11.74739694595337, 11.970086097717285, 11.880815505981445, 10.134631633758545, 10.132883310317993, 10.19356632232666, 10.127437829971313, 10.245877265930176, 11.847434282302856, 11.84807801246643, 10.10607624053955, 11.878723859786987, 11.888654708862305, 11.829500198364258, 10.252058744430542, 10.112265348434448, 15.361949682235718, 11.879745483398438, 15.357678890228271, 11.565001726150513, 11.798151969909668, 10.120785474777222, 11.892325162887573, 11.868814945220947, 10.113075733184814, 11.840113878250122, 11.714444398880005, 11.882204055786133, 11.824711084365845, 10.09559679031372, 13.61542558670044, 10.05040979385376, 11.934126615524292, 15.358487129211426, 9.949971914291382, 15.361216068267822, 11.852348566055298, 10.184109926223755], "comm_send": [0.0004444122314453125, 0.00027060508728027344, 0.0002696514129638672, 0.0002503395080566406, 0.0002474784851074219, 0.00024318695068359375, 0.0002491474151611328, 0.0002541542053222656, 0.0002455711364746094, 0.0002281665802001953, 0.00028967857360839844, 0.0002675056457519531, 0.00025534629821777344, 0.0002574920654296875, 0.00026679039001464844, 0.00024628639221191406, 0.00023436546325683594, 0.0002613067626953125, 0.00026106834411621094, 0.00024175643920898438, 0.0002617835998535156, 0.0003046989440917969, 0.0002505779266357422, 0.0002846717834472656, 0.0002448558807373047, 0.00033545494079589844, 0.00023651123046875, 0.0002608299255371094, 0.00024628639221191406, 0.0002906322479248047, 0.0002548694610595703, 0.00025177001953125, 0.0003342628479003906, 0.00029969215393066406, 0.0002880096435546875, 0.0002582073211669922, 0.0002613067626953125, 0.00025725364685058594, 0.00025463104248046875, 0.00042366981506347656, 0.00035834312438964844, 0.00026154518127441406, 0.0002617835998535156, 0.00026416778564453125, 0.0005545616149902344, 0.00025391578674316406, 0.00032973289489746094], "comm_recv": [0.0036835670471191406, 0.006501913070678711, 0.0037381649017333984, 0.0034875869750976562, 0.0034761428833007812, 0.0034835338592529297, 0.004911184310913086, 0.0039234161376953125, 0.0035741329193115234, 1.378584861755371, 0.003772735595703125, 0.0038444995880126953, 0.0037384033203125, 0.7003078460693359, 2.0834004878997803, 2.802332639694214, 1.2346386909484863, 0.0036950111389160156, 0.004108905792236328, 0.0037038326263427734, 1.0270507335662842, 0.0036895275115966797, 1.4556729793548584, 0.003643512725830078, 1.048567533493042, 0.0037560462951660156, 0.003751039505004883, 0.004015922546386719, 0.004461765289306641, 0.003931999206542969, 0.0043032169342041016, 0.003983736038208008, 0.0040972232818603516, 0.004116535186767578, 0.004139900207519531, 0.004118919372558594, 0.0040721893310546875, 0.003836393356323242, 0.003994464874267578, 0.0038001537322998047, 0.0037255287170410156, 0.004206657409667969, 0.003912925720214844, 0.003772258758544922, 0.004193544387817383, 0.003930568695068359, 0.004120349884033203], "conv_send": [0.011549234390258789, 0.01097416877746582, 0.010926961898803711, 0.011090755462646484, 0.011293411254882812, 0.010912656784057617, 0.010918378829956055, 0.011302471160888672, 0.01092982292175293, 0.010762214660644531, 0.010942459106445312, 0.011044502258300781, 0.011126279830932617, 0.010993242263793945, 0.011230707168579102, 0.011036872863769531, 0.010629653930664062, 0.011382818222045898, 0.011167049407958984, 0.010827064514160156, 0.01168370246887207, 0.011412382125854492, 0.011186599731445312, 0.010879039764404297, 0.011020421981811523, 0.011445283889770508, 0.010806560516357422, 0.011406898498535156, 0.014450788497924805, 0.011141061782836914, 0.011224746704101562, 0.0112457275390625, 0.011037111282348633, 0.011033296585083008, 0.011170387268066406, 0.011132240295410156, 0.011675834655761719, 0.010800838470458984, 0.011260032653808594, 0.011306047439575195, 0.01112675666809082, 0.011247634887695312, 0.011392354965209961, 0.011157989501953125, 0.011946916580200195, 0.010856151580810547, 0.011361360549926758], "conv_recv": [0.00042700767517089844, 0.00044083595275878906, 0.00035643577575683594, 0.0003628730773925781, 0.00034165382385253906, 0.0003445148468017578, 0.00035762786865234375, 0.00043654441833496094, 0.0003483295440673828, 0.0004062652587890625, 0.0004172325134277344, 0.00036787986755371094, 0.0003600120544433594, 0.0003974437713623047, 0.0006597042083740234, 0.0004012584686279297, 0.00044226646423339844, 0.0005476474761962891, 0.0003726482391357422, 0.0003452301025390625, 0.0004267692565917969, 0.0004475116729736328, 0.0003981590270996094, 0.0004246234893798828, 0.000400543212890625, 0.0004508495330810547, 0.00033593177795410156, 0.00038814544677734375, 0.0003616809844970703, 0.0003943443298339844, 0.0004093647003173828, 0.0003800392150878906, 0.0003845691680908203, 0.00045990943908691406, 0.0003745555877685547, 0.0003826618194580078, 0.0003745555877685547, 0.0003509521484375, 0.0003712177276611328, 0.0004315376281738281, 0.00048661231994628906, 0.0003905296325683594, 0.0003848075866699219, 0.00038051605224609375, 0.0004985332489013672, 0.0003485679626464844, 0.00039696693420410156], "epochs": [20.309275150299072, 11.920284032821655, 10.194319486618042, 11.81830883026123, 13.699490547180176, 10.146594524383545, 10.221377849578857, 11.950885534286499, 10.136536121368408, 13.162993431091309, 12.011218786239624, 11.922087907791138, 10.17598295211792, 10.870774269104004, 12.316846132278442, 12.967572450637817, 11.51758337020874, 11.889313697814941, 11.890069007873535, 10.14647364616394, 12.944750547409058, 11.930454730987549, 13.322649002075195, 10.292903900146484, 11.198622465133667, 15.403894424438477, 11.920010328292847, 15.39946961402893, 11.610421657562256, 11.839592695236206, 10.163321018218994, 11.93398928642273, 11.911087274551392, 10.155066728591919, 11.882264614105225, 11.75631856918335, 11.924689292907715, 11.865431308746338, 10.137341022491455, 13.65730881690979, 10.091952085494995, 11.97615361213684, 15.400575399398804, 9.991461515426636, 15.404537200927734, 11.892984628677368, 10.227285623550415]}}