{"times": {"train": [18.218425273895264, 11.605317115783691, 13.543081521987915, 11.821975231170654, 11.542138576507568, 11.600380420684814, 10.019733667373657, 9.953967809677124, 9.99236798286438, 11.727701902389526, 10.031404495239258, 13.594688892364502, 9.986611366271973, 11.78655457496643, 11.801610469818115, 9.882513761520386, 10.03623366355896, 11.727969646453857, 11.707913875579834, 11.806408405303955, 11.62877869606018, 9.981030225753784, 11.651467561721802, 13.64022707939148, 9.977769613265991, 9.97042727470398, 11.649779796600342, 11.683805465698242, 11.671523332595825, 11.722841739654541, 11.753634929656982, 11.884413480758667, 11.56252908706665, 11.741946935653687, 15.358536720275879, 9.919169187545776, 11.803893089294434, 11.776360511779785, 9.95683765411377, 11.741337776184082, 9.883741855621338, 10.077237367630005, 13.503278493881226, 11.761762857437134, 13.574830770492554, 9.915996551513672, 11.798874378204346], "comm_send": [0.0003409385681152344, 0.00026035308837890625, 0.0003883838653564453, 0.00026416778564453125, 0.0002396106719970703, 0.0002663135528564453, 0.0002551078796386719, 0.0003199577331542969, 0.0002465248107910156, 0.00027489662170410156, 0.00025343894958496094, 0.0002593994140625, 0.0002963542938232422, 0.0002753734588623047, 0.00025177001953125, 0.0002422332763671875, 0.0002510547637939453, 0.0002987384796142578, 0.0002598762512207031, 0.0002574920654296875, 0.0003025531768798828, 0.0002636909484863281, 0.0003826618194580078, 0.00025391578674316406, 0.00026488304138183594, 0.000301361083984375, 0.0002586841583251953, 0.0002713203430175781, 0.0002422332763671875, 0.0002543926239013672, 0.0002613067626953125, 0.0002512931823730469, 0.000469207763671875, 0.00025773048400878906, 0.00025582313537597656, 0.0002675056457519531, 0.0002548694610595703, 0.0002605915069580078, 0.00026345252990722656, 0.00024366378784179688, 0.0003216266632080078, 0.000324249267578125, 0.0003211498260498047, 0.0003075599670410156, 0.00030493736267089844, 0.00024628639221191406, 0.0002841949462890625], "comm_recv": [0.0035924911499023438, 0.0034165382385253906, 0.0038614273071289062, 0.0033812522888183594, 0.003305196762084961, 0.003480672836303711, 0.0037376880645751953, 0.0037186145782470703, 0.5246939659118652, 2.620790481567383, 1.7495572566986084, 0.003572702407836914, 0.0037450790405273438, 0.003948688507080078, 0.0042455196380615234, 1.1818315982818604, 1.4499282836914062, 0.0038132667541503906, 0.005999088287353516, 0.0039556026458740234, 0.0037832260131835938, 1.599121332168579, 1.7748832702636719, 0.004177093505859375, 0.0035386085510253906, 0.003815889358520508, 0.0035829544067382812, 0.0035021305084228516, 3.115880012512207, 0.003995180130004883, 0.004202604293823242, 0.004687786102294922, 0.004244565963745117, 0.004148960113525391, 0.003863811492919922, 0.00408482551574707, 0.003926753997802734, 0.003877878189086914, 0.004023551940917969, 0.0035605430603027344, 0.3096015453338623, 2.044454336166382, 0.0038607120513916016, 0.0036995410919189453, 0.004591464996337891, 0.9026813507080078, 0.040282487869262695], "conv_send": [0.011419296264648438, 0.010812044143676758, 0.011544466018676758, 0.01088094711303711, 0.01049661636352539, 0.010917186737060547, 0.01084136962890625, 0.010938167572021484, 0.010753870010375977, 0.011051654815673828, 0.010821342468261719, 0.011275291442871094, 0.010972738265991211, 0.011223077774047852, 0.011234760284423828, 0.010683059692382812, 0.010792732238769531, 0.01092982292175293, 0.01105809211730957, 0.011208057403564453, 0.011177539825439453, 0.010963201522827148, 0.011507987976074219, 0.011545658111572266, 0.010935068130493164, 0.010951042175292969, 0.01085209846496582, 0.012155532836914062, 0.010463953018188477, 0.010977983474731445, 0.010977506637573242, 0.011091232299804688, 0.011164188385009766, 0.01101994514465332, 0.01132345199584961, 0.01105952262878418, 0.010999202728271484, 0.01140451431274414, 0.011015653610229492, 0.010858774185180664, 0.01083827018737793, 0.010840177536010742, 0.011253118515014648, 0.011126995086669922, 0.011626005172729492, 0.010560035705566406, 0.01076817512512207], "conv_recv": [0.0003502368927001953, 0.000408172607421875, 0.0003960132598876953, 0.00048804283142089844, 0.0003275871276855469, 0.0003662109375, 0.00036025047302246094, 0.0003876686096191406, 0.0003981590270996094, 0.0004010200500488281, 0.000396728515625, 0.0003752708435058594, 0.0004127025604248047, 0.00045013427734375, 0.0003771781921386719, 0.00040340423583984375, 0.0004477500915527344, 0.00037097930908203125, 0.00039839744567871094, 0.0003712177276611328, 0.00038433074951171875, 0.0004076957702636719, 0.0003962516784667969, 0.0003986358642578125, 0.0003476142883300781, 0.0003848075866699219, 0.0003676414489746094, 0.0003662109375, 0.00040030479431152344, 0.0003726482391357422, 0.0004513263702392578, 0.0003573894500732422, 0.0004506111145019531, 0.0003845691680908203, 0.0003681182861328125, 0.0003871917724609375, 0.0003859996795654297, 0.0004069805145263672, 0.00037550926208496094, 0.0003540515899658203, 0.0004055500030517578, 0.00040268898010253906, 0.00037407875061035156, 0.0004496574401855469, 0.0003914833068847656, 0.00040459632873535156, 0.0003979206085205078], "epochs": [18.259856462478638, 11.645613670349121, 13.585142612457275, 11.862260341644287, 11.581175327301025, 11.64099931716919, 10.060616254806519, 9.994721174240112, 10.553404092788696, 14.385224103927612, 11.817708969116211, 13.635618925094604, 10.027956247329712, 11.827587842941284, 11.843549489974976, 11.101061344146729, 11.522770166397095, 11.768769264221191, 11.751352787017822, 11.847511291503906, 11.670348882675171, 11.616995096206665, 13.463916063308716, 13.682675838470459, 10.018267154693604, 10.011375904083252, 11.690414905548096, 11.72522783279419, 14.823750019073486, 11.76406455039978, 11.79517126083374, 11.925779819488525, 11.60476040840149, 11.783623695373535, 15.40056562423706, 9.960846662521362, 11.845262289047241, 11.817833423614502, 9.998304843902588, 11.78165864944458, 10.230455875396729, 12.158464670181274, 13.544614553451538, 11.802765846252441, 13.617421388626099, 10.854846000671387, 11.876017808914185]}}