{"times": {"train": [16.10497546195984, 11.620436668395996, 11.75742793083191, 9.99702000617981, 11.753371477127075, 11.814560890197754, 11.875788688659668, 13.551027297973633, 9.94464373588562, 11.831910848617554, 10.114364624023438, 11.838675022125244, 10.003792524337769, 11.748838186264038, 10.086728572845459, 11.77098560333252, 10.090917825698853, 15.360919713973999, 9.948037147521973, 13.539409637451172, 11.698600053787231, 13.464797973632812, 9.797904968261719, 10.064298152923584, 10.072852373123169, 10.045085430145264, 10.064082384109497, 13.44140362739563, 11.68265151977539, 13.546149253845215, 9.982593774795532, 11.930299282073975, 9.967777490615845, 10.041653633117676, 10.099849939346313, 10.094699382781982, 10.109987497329712, 10.117163896560669, 11.789004564285278, 10.03537368774414, 11.839396953582764, 11.873995542526245, 9.913486003875732, 11.66666555404663, 9.929827213287354, 9.952094554901123, 11.786214590072632], "comm_send": [0.00030422210693359375, 0.0002579689025878906, 0.0002644062042236328, 0.0002384185791015625, 0.0002799034118652344, 0.00025916099548339844, 0.00025963783264160156, 0.0002956390380859375, 0.00026416778564453125, 0.0005431175231933594, 0.0002758502960205078, 0.000247955322265625, 0.0002567768096923828, 0.00025582313537597656, 0.00031375885009765625, 0.00026535987854003906, 0.00025963783264160156, 0.0002646446228027344, 0.00026535987854003906, 0.0003192424774169922, 0.00026488304138183594, 0.0003018379211425781, 0.0002474784851074219, 0.0002624988555908203, 0.00030112266540527344, 0.0002620220184326172, 0.00027179718017578125, 0.0002541542053222656, 0.0002384185791015625, 0.0002875328063964844, 0.00027298927307128906, 0.0002613067626953125, 0.0002968311309814453, 0.0002872943878173828, 0.00025081634521484375, 0.0002503395080566406, 0.0002493858337402344, 0.0002529621124267578, 0.0002486705780029297, 0.00025200843811035156, 0.0002810955047607422, 0.0002319812774658203, 0.0002338886260986328, 0.0002562999725341797, 0.00030517578125, 0.0002498626708984375, 0.00026035308837890625], "comm_recv": [0.003983736038208008, 0.9329087734222412, 0.003702878952026367, 0.3482351303100586, 0.23946213722229004, 0.9725987911224365, 0.003603696823120117, 0.00391840934753418, 0.00479578971862793, 0.43169116973876953, 1.6537315845489502, 0.008605480194091797, 0.003528594970703125, 0.003647327423095703, 1.6528208255767822, 1.1520380973815918, 1.4012401103973389, 0.003833293914794922, 0.0039446353912353516, 0.004143476486206055, 0.003747224807739258, 0.004080295562744141, 0.003960847854614258, 0.004093647003173828, 0.004008293151855469, 0.00370025634765625, 2.09100341796875, 0.003707408905029297, 2.3107001781463623, 0.005022287368774414, 0.004158735275268555, 0.004024028778076172, 1.221724510192871, 0.5563688278198242, 1.0867927074432373, 3.7283623218536377, 1.441659927368164, 0.09389543533325195, 0.13782691955566406, 1.0698740482330322, 0.5615808963775635, 0.24564766883850098, 0.549752950668335, 2.2746529579162598, 2.934075117111206, 2.4590935707092285, 0.05352377891540527], "conv_send": [0.010956525802612305, 0.010490179061889648, 0.010793209075927734, 0.010347127914428711, 0.010666370391845703, 0.010722160339355469, 0.010553359985351562, 0.01083993911743164, 0.010889768600463867, 0.010957479476928711, 0.010422229766845703, 0.01069951057434082, 0.010402917861938477, 0.010536670684814453, 0.010808944702148438, 0.010348320007324219, 0.010664224624633789, 0.010989189147949219, 0.010750055313110352, 0.010964393615722656, 0.010627985000610352, 0.011445999145507812, 0.010811328887939453, 0.010630607604980469, 0.011075258255004883, 0.010780572891235352, 0.010836362838745117, 0.010510444641113281, 0.01043701171875, 0.011078357696533203, 0.01086878776550293, 0.010971784591674805, 0.010652542114257812, 0.010823965072631836, 0.011004209518432617, 0.010701179504394531, 0.010800838470458984, 0.010920047760009766, 0.010805368423461914, 0.011087417602539062, 0.01112818717956543, 0.010933876037597656, 0.010385513305664062, 0.011296987533569336, 0.010950565338134766, 0.011108875274658203, 0.010663509368896484], "conv_recv": [0.000339508056640625, 0.0004467964172363281, 0.00035762786865234375, 0.0003840923309326172, 0.0003879070281982422, 0.0003948211669921875, 0.00035500526428222656, 0.0003733634948730469, 0.0003769397735595703, 0.0004496574401855469, 0.0003902912139892578, 0.000453948974609375, 0.0003211498260498047, 0.0003390312194824219, 0.0004978179931640625, 0.0003833770751953125, 0.0004382133483886719, 0.00035309791564941406, 0.00034165382385253906, 0.0004467964172363281, 0.0003390312194824219, 0.0003726482391357422, 0.0004622936248779297, 0.0003590583801269531, 0.00041413307189941406, 0.0003662109375, 0.000396728515625, 0.0003368854522705078, 0.00038814544677734375, 0.000457763671875, 0.0004680156707763672, 0.0004611015319824219, 0.0004000663757324219, 0.0004062652587890625, 0.00039696693420410156, 0.0004024505615234375, 0.0003979206085205078, 0.0003933906555175781, 0.0003941059112548828, 0.0005688667297363281, 0.00039267539978027344, 0.00038623809814453125, 0.0003905296325683594, 0.0003895759582519531, 0.0004248619079589844, 0.0003952980041503906, 0.00039267539978027344], "epochs": [16.146292209625244, 12.589946269989014, 11.798094511032104, 10.381608963012695, 12.029626607894897, 12.823737144470215, 11.915743589401245, 13.591954231262207, 9.986502170562744, 12.300450563430786, 11.803894758224487, 11.883800029754639, 10.042884111404419, 11.788686752319336, 11.776542663574219, 12.959317922592163, 11.528545618057251, 15.401596546173096, 9.988444805145264, 13.58096170425415, 11.738733291625977, 13.506925821304321, 9.838958024978638, 10.104813814163208, 10.11406421661377, 10.086009740829468, 12.191635847091675, 13.480896472930908, 14.029796838760376, 13.58853793144226, 10.023988008499146, 11.971160650253296, 11.226424217224121, 10.635044574737549, 11.223589181900024, 13.859899997711182, 11.588711261749268, 10.248056650161743, 11.963682413101196, 11.142812013626099, 12.438295602798462, 12.156232118606567, 10.499074935913086, 13.978171825408936, 12.900333642959595, 12.447818994522095, 11.876343011856079]}}