{"acc": [0.7383732436176529, 0.7492578666138927, 0.7544033247575698, 0.7595487829012468, 0.767069067880467, 0.7696417969523056, 0.7811201266574312, 0.7836928557292697, 0.7896299228181278, 0.8072432218484069, 0.8100138531565406, 0.810211755392836, 0.8327726103304968, 0.7530180091035029, 0.7484662576687117, 0.7553928359390462, 0.7749851573322779, 0.7797348110033644, 0.7945774787255095, 0.8034830793587967, 0.8153572135365129, 0.892341183455373, 0.8860083118939244, 0.8951118147635069, 0.9313279240055412, 0.9313279240055412, 0.944389471601029, 0.953097169998021, 0.9525034632891352, 0.9479517118543439, 0.9683356421927568, 0.9705125667920047, 0.9705125667920047, 0.972887393627548, 0.9766475361171582, 0.9701167623194142, 0.9827825054423115, 0.9798139718978824, 0.9851573322778547, 0.9817929942608351, 0.9920839105481892, 0.9960419552740946], "mcc": [0.5890560157902687, 0.6112373086496438, 0.6225336186992544, 0.6329687132247247, 0.643455692939203, 0.6484629614568237, 0.665107759523059, 0.669279844368808, 0.6788166339699202, 0.7017729369096329, 0.7059461787356253, 0.7071468042321536, 0.7390021912879442, 0.6191353961548295, 0.6103425469080498, 0.6234942490736596, 0.6522600509974802, 0.6613737030995035, 0.6839029067641111, 0.6976865200603536, 0.71466078571139, 0.8286856552600677, 0.8190385462236686, 0.8327508656126623, 0.8888453432864968, 0.8889850033007308, 0.9096342338865081, 0.9234883958603084, 0.9226437587699734, 0.9155977346283328, 0.9481436248463215, 0.9515652226692197, 0.9515652226692197, 0.9555746695765955, 0.9616592255362244, 0.9511312887885056, 0.9716849792782297, 0.9668900357953417, 0.9755861674682346, 0.9701050885204504, 0.986934858970623, 0.9934585302796557], "f1": [0.5771879430063056, 0.5875150844708301, 0.5920166702162742, 0.5966777811878493, 0.6164680166304137, 0.6192233326435992, 0.6507493012322064, 0.6566672639701131, 0.6693888027150275, 0.7152516560065815, 0.721000465043323, 0.7198697465423244, 0.7687800892229641, 0.5909155107120445, 0.5865706719962501, 0.5932204748713331, 0.642239489908136, 0.649495532452825, 0.6856552138048503, 0.7046984224246741, 0.7313208154516214, 0.8685392909485116, 0.8592219448111998, 0.872648561361906, 0.9212597764422178, 0.9211377076118934, 0.9373873044085809, 0.947707782627503, 0.9470782376576444, 0.9415373637721949, 0.9652021873357753, 0.9677119906527771, 0.9677119906527771, 0.9704653171446623, 0.974706732182857, 0.9672212076454763, 0.9813421545315931, 0.9780830241700751, 0.9838953516646356, 0.980245794697307, 0.991296547277682, 0.995470794497328], "times": {"epochs": [0.21659636497497559, 0.10414910316467285, 0.09886407852172852, 0.10350918769836426, 0.10057306289672852, 0.10119009017944336, 0.09960317611694336, 0.10407018661499023, 0.10021114349365234, 0.10023164749145508, 0.10164666175842285, 0.09973454475402832, 0.10811519622802734, 0.12426495552062988, 0.10486006736755371, 0.11994099617004395, 0.11532926559448242, 0.11745977401733398, 0.11531519889831543, 0.11468625068664551, 0.11682581901550293, 0.11085963249206543, 0.10167121887207031, 0.10325217247009277, 0.10295796394348145, 0.1045694351196289, 0.10221195220947266, 0.10623741149902344, 0.10371637344360352, 0.10951471328735352, 0.1011972427368164, 0.11347103118896484, 0.11329817771911621, 0.11461734771728516, 0.11356091499328613, 0.11829066276550293, 0.11593437194824219, 0.10638976097106934, 0.11061573028564453, 0.10767102241516113, 0.10426020622253418, 0.10171103477478027], "global_times": [1.6441946029663086, 1.8091094493865967, 1.9726438522338867, 2.1415703296661377, 2.3104779720306396, 2.474675416946411, 2.639436960220337, 2.806828498840332, 2.9705846309661865, 3.1316211223602295, 3.2981863021850586, 3.462270975112915, 3.6344265937805176, 3.7875308990478516, 3.921924352645874, 4.07449197769165, 4.223651170730591, 4.37455415725708, 4.524169206619263, 4.674346446990967, 4.8250391483306885, 4.966245651245117, 5.102389812469482, 5.234972715377808, 5.367678880691528, 5.502032041549683, 5.639718532562256, 5.775990724563599, 5.910311937332153, 6.051123142242432, 6.18912672996521, 6.338131904602051, 6.485570669174194, 6.637202739715576, 6.785531044006348, 6.937243223190308, 7.087720632553101, 7.2287561893463135, 7.376700401306152, 7.519609451293945, 7.659217357635498, 7.795726776123047]}}