{"acc": [0.5307516169204194, 0.6288380937077358, 0.6438356164383562, 0.6544142262215616, 0.7132259403580659, 0.8185969281859693, 0.9093319407062226, 0.9098675665180305, 0.9098943478086209, 0.9098943478086209, 0.9099077384539161, 0.9099077384539161, 0.9099077384539161, 0.9099077384539161, 0.9099077384539161, 0.9099077384539161, 0.9099077384539161, 0.9099077384539161, 0.9099077384539161, 0.9099077384539161, 0.9099077384539161, 0.9099077384539161, 0.9099077384539161, 0.9099077384539161, 0.9099077384539161, 0.9099077384539161, 0.9099077384539161, 0.9099077384539161, 0.9099077384539161, 0.9099077384539161, 0.9099077384539161, 0.9099077384539161], "mcc": [0.2863407068790362, 0.4994700294493982, 0.5423191429945154, 0.5394885126349582, 0.577657571617681, 0.7332028384633779, 0.8737435737943371, 0.874522582431634, 0.8745677612891735, 0.8745677612891735, 0.8745919161149338, 0.8745919161149338, 0.8745919161149338, 0.8745919161149338, 0.8745919161149338, 0.8745919161149338, 0.8745919161149338, 0.8745919161149338, 0.8745919161149338, 0.8745919161149338, 0.8745919161149338, 0.8745919161149338, 0.8745919161149338, 0.8745919161149338, 0.8745919161149338, 0.8745919161149338, 0.8745919161149338, 0.8745919161149338, 0.8745919161149338, 0.8745919161149338, 0.8745919161149338, 0.8745887869918686], "f1": [0.4012961774060278, 0.49135018388045565, 0.513669614464913, 0.5588109791663117, 0.6851966636390058, 0.8100990049448596, 0.9162149516527278, 0.9168013098054271, 0.9168276871666112, 0.9168276871666112, 0.9168403779164261, 0.9168403779164261, 0.9168403779164261, 0.9168403779164261, 0.9168403779164261, 0.9168403779164261, 0.9168403779164261, 0.9168403779164261, 0.9168403779164261, 0.9168403779164261, 0.9168403779164261, 0.9168403779164261, 0.9168403779164261, 0.9168403779164261, 0.9168403779164261, 0.9168403779164261, 0.9168403779164261, 0.9168403779164261, 0.9168403779164261, 0.9168403779164261, 0.9168403779164261, 0.9168356034697939], "times": {"epochs": [6.483356475830078, 1.0878715515136719, 1.1373822689056396, 1.0671496391296387, 1.1013588905334473, 1.0572447776794434, 1.1115837097167969, 1.0665957927703857, 1.093336582183838, 1.0540282726287842, 1.0724899768829346, 1.03281569480896, 1.0443365573883057, 1.0587947368621826, 1.1134309768676758, 1.0897104740142822, 1.072434663772583, 1.0742311477661133, 1.0908753871917725, 1.0730879306793213, 1.0464198589324951, 1.0577819347381592, 1.0583429336547852, 1.066359043121338, 1.0761878490447998, 1.0768506526947021, 1.0902976989746094, 1.0454654693603516, 1.0525460243225098, 1.030010461807251, 1.0430223941802979, 1.1088435649871826], "global_times": [6.64319920539856, 7.73135781288147, 8.868990898132324, 9.93639588356018, 11.03801441192627, 12.095528602600098, 13.207367658615112, 14.274213790893555, 15.367825746536255, 16.422093391418457, 17.494858980178833, 18.527912378311157, 19.572487831115723, 20.631524562835693, 21.745211601257324, 22.835204124450684, 23.90792942047119, 24.982406854629517, 26.07365322113037, 27.14702582359314, 28.193721532821655, 29.251776218414307, 30.31037998199463, 31.37702202796936, 32.45349049568176, 33.53059244155884, 34.62114500999451, 35.66688323020935, 36.71967816352844, 37.749939918518066, 38.793205976486206, 39.9023175239563]}}