{"acc": [0.9585275174111116, 0.9927475519715139], "mcc": [0.9504179094338201, 0.9913188541016247], "f1": [0.9584045893347044, 0.9927787706873689], "times": {"epochs": [1.3444762229919434, 1.1665747165679932], "global_times": [6.510445833206177, 8.211094856262207]}}