{"acc": [0.4481715073849409, 0.44845271093614003, 0.4684717256524592, 0.5388261760334231, 0.539093988939327, 0.6514682842566183, 0.694586162107152, 0.715823725545334, 0.7176716345960712, 0.7178457129849087, 0.7178457129849087, 0.8043091096559943, 0.8073621767832991, 0.8075898177533175, 0.8076032083986128, 0.8076299896892031, 0.8076433803344983, 0.8076433803344983, 0.8076433803344983, 0.8076433803344983, 0.8076835522703839, 0.8077237242062695, 0.8077371148515647, 0.8078576306592214, 0.8093038203511027, 0.9605779402509407, 0.9997321870940961, 1.0], "mcc": [0.012635840259399025, 0.021094517610473824, 0.12874425295130518, 0.3243038123608568, 0.3275801616356206, 0.4917053629905251, 0.5786449606140402, 0.6252181610612882, 0.6292630922445647, 0.6296947530588328, 0.6296947530588328, 0.7323461186485677, 0.7361111067093822, 0.7363922325256453, 0.7364087710857027, 0.736441848788416, 0.7364583879310874, 0.7364583879310874, 0.7364583879310874, 0.7364583879310874, 0.7365080065244518, 0.7365576268660033, 0.7365605857846037, 0.7366959000868059, 0.7384136366293276, 0.9393256391995155, 0.9995860738067958, 1.0], "f1": [0.20675725489588656, 0.20749197898540028, 0.2618390565018456, 0.38707110174006115, 0.3882723168894537, 0.5227475029527927, 0.5644948811979252, 0.5848499464045448, 0.5866306359405263, 0.5868296478464288, 0.5868296478464288, 0.7632874176559709, 0.7682464583428055, 0.7686136267089657, 0.7686352137857136, 0.7686783842546258, 0.7686999676470793, 0.7686999676470793, 0.7686999676470793, 0.7686999676470793, 0.7687647104581669, 0.7688294422228804, 0.7688619665342773, 0.7690670017949941, 0.7714371902747018, 0.961523141498109, 0.9997421230250477, 1.0], "times": {"epochs": [6.231246709823608, 0.9898936748504639, 1.015493631362915, 0.9861729145050049, 0.9973790645599365, 0.9798662662506104, 0.9604988098144531, 0.9792211055755615, 0.9813237190246582, 0.9896459579467773, 0.9883632659912109, 0.9933309555053711, 0.9937713146209717, 1.010923147201538, 1.0180187225341797, 0.9758069515228271, 1.0074498653411865, 0.9796442985534668, 0.9919703006744385, 0.9843111038208008, 0.9817163944244385, 0.9688684940338135, 1.007695198059082, 0.9918086528778076, 0.9977047443389893, 1.0149734020233154, 0.9959077835083008, 1.1306285858154297], "global_times": [7.5028297901153564, 8.492984056472778, 9.508742332458496, 10.49515438079834, 11.492786884307861, 12.472922801971436, 13.433688402175903, 14.41316533088684, 15.394750833511353, 16.38465690612793, 17.373274087905884, 18.366853952407837, 19.36090660095215, 20.372088193893433, 21.390373945236206, 22.366443395614624, 23.374140739440918, 24.354050397872925, 25.3463134765625, 26.330877780914307, 27.312872171401978, 28.282012462615967, 29.289984226226807, 30.282070636749268, 31.28004479408264, 32.29529857635498, 33.29147505760193, 34.422358751297]}}