{"acc": [0.6687116564417178, 0.6940431426875123, 0.722343162477736, 0.7452998218879874, 0.7579655650108846, 0.766277458935286, 0.764100534336038, 0.7771620819315258, 0.7925984563625569, 0.7904215317633089, 0.8207005739164852, 0.8319810013853156, 0.8305956857312488, 0.5760934098555314, 0.6985948941223036, 0.7152186819711063, 0.7524243023946171, 0.7961606966158717, 0.8167425291905799, 0.8523649317237285, 0.8660201860281022, 0.8685929150999406, 0.8832376805857907, 0.8976845438353453, 0.9022362952701366, 0.9020383930338413, 0.9042153176330893, 0.9087670690678805, 0.9099544824856521, 0.9085691668315852, 0.9137146249752622, 0.9178705719374629, 0.9198495943004156, 0.9214328121907778, 0.9297447061151791, 0.9307342172966554, 0.9283593904611123, 0.9388482089847615, 0.9418167425291906, 0.9437957648921432, 0.9461705917276865, 0.9469622006728676, 0.9493370275084109, 0.9507223431624777, 0.950920245398773, 0.9558678013061548, 0.9620027706313081, 0.9627943795764892, 0.9600237482683555, 0.9720957846823669, 0.9693251533742331, 0.9778349495349298, 0.9810013853156541, 0.9825846032060163, 0.9912923016030081, 0.9912923016030081, 0.9948545418563229], "mcc": [0.4405907113799232, 0.491478913834677, 0.5460720164537941, 0.5978944964175289, 0.6258910930110322, 0.642522559173797, 0.6401471312820889, 0.6583470001235588, 0.6814468633672955, 0.6786445978113872, 0.7229290975501128, 0.740016624324336, 0.7378232572999741, 0.3246808409881764, 0.4932333250282016, 0.526568921498824, 0.5988780782956559, 0.6765036207730037, 0.7139661007092832, 0.7678404728886458, 0.7847863245207355, 0.7921860301112236, 0.8107315497530565, 0.8302595232835598, 0.8379477593516376, 0.8382360612884316, 0.8416967288581447, 0.8486216175486507, 0.8506603820234768, 0.8496900640422591, 0.8567900136121587, 0.8640649529930802, 0.8671278626010971, 0.8696369823243452, 0.8836575013834425, 0.8851895524428706, 0.8817522616472416, 0.899048380544109, 0.9035720557599374, 0.9068717489710408, 0.91081913355296, 0.9121373765731331, 0.9160890741219141, 0.9185034142298744, 0.9189930472354059, 0.9271047392236522, 0.9371306152568337, 0.9384892090804128, 0.9340981226840441, 0.9538702489192429, 0.9494869163204191, 0.9633675842227613, 0.9686134540730937, 0.9712452460170511, 0.98563177938943, 0.9856205532090153, 0.9915148328293093], "f1": [0.507241786905018, 0.5438801457401593, 0.5803632970263423, 0.6011011955043427, 0.6133743041566869, 0.624594037366151, 0.6163636905822095, 0.6509877180177336, 0.6872587887096343, 0.6813921018092891, 0.7483226791551547, 0.769830857170005, 0.7666015559364183, 0.5695984004527301, 0.5548959605282489, 0.5743189893037838, 0.6324936065587198, 0.7110738681766051, 0.7445325118517121, 0.8087589135449194, 0.8350912803527236, 0.834632626997931, 0.8608571344444483, 0.8862873010214752, 0.8914435819390034, 0.8898301248730082, 0.8927260270972561, 0.8995886112914873, 0.9008397859416887, 0.8966196516802013, 0.9059158616724293, 0.9095471350902985, 0.9124337354801845, 0.9147455594872099, 0.9256474230615256, 0.9251714415036952, 0.9212599539347073, 0.9359494449485739, 0.9378766549190583, 0.9398637642461768, 0.9425903746460604, 0.94339255799517, 0.945887576894608, 0.9471523491150461, 0.9471164469219989, 0.9526568534970141, 0.9596747874772867, 0.9603211897741372, 0.9569822117915253, 0.9704957340321654, 0.9670082314478429, 0.9764410966329667, 0.97973831473828, 0.9813684353378848, 0.9905413594795417, 0.9905187916372115, 0.9943773922768239], "times": {"epochs": [0.20108580589294434, 0.10517549514770508, 0.10725140571594238, 0.10550284385681152, 0.10744905471801758, 0.10479474067687988, 0.10227513313293457, 0.10093879699707031, 0.10223674774169922, 0.09413647651672363, 0.09307551383972168, 0.09424328804016113, 0.09412932395935059, 0.09841561317443848, 0.09618258476257324, 0.09585833549499512, 0.0975043773651123, 0.09589123725891113, 0.09495663642883301, 0.09546637535095215, 0.09894919395446777, 0.09739160537719727, 0.09852457046508789, 0.10939550399780273, 0.10740041732788086, 0.09593081474304199, 0.09463834762573242, 0.09392428398132324, 0.09921836853027344, 0.09921121597290039, 0.09726190567016602, 0.09461069107055664, 0.10028195381164551, 0.09951949119567871, 0.09754395484924316, 0.09664320945739746, 0.09723854064941406, 0.10224270820617676, 0.09709000587463379, 0.0973203182220459, 0.10118484497070312, 0.09607362747192383, 0.09621739387512207, 0.0969858169555664, 0.09950947761535645, 0.09233283996582031, 0.09618496894836426, 0.09485173225402832, 0.09696459770202637, 0.0956578254699707, 0.09529662132263184, 0.09404397010803223, 0.09417843818664551, 0.09348225593566895, 0.09280943870544434, 0.0936589241027832, 0.09426283836364746], "global_times": [2.670647621154785, 2.8259382247924805, 2.9799561500549316, 3.133183717727661, 3.2877461910247803, 3.440248966217041, 3.5904805660247803, 3.7385616302490234, 3.887324094772339, 4.028654336929321, 4.168274879455566, 4.308800935745239, 4.45033073425293, 4.5572052001953125, 4.660435199737549, 4.763201951980591, 4.867633104324341, 4.970323085784912, 5.071904897689819, 5.174989700317383, 5.286594867706299, 5.393096446990967, 5.4984495639801025, 5.615697145462036, 5.730935335159302, 5.83352255821228, 5.934815168380737, 6.03546667098999, 6.14147424697876, 6.247470855712891, 6.3515307903289795, 6.4530627727508545, 6.5604469776153564, 6.666690349578857, 6.771079778671265, 6.874598264694214, 6.978704929351807, 7.087936162948608, 7.192050457000732, 7.296307563781738, 7.404449939727783, 7.507536888122559, 7.610691070556641, 7.714600324630737, 7.853609085083008, 7.95283317565918, 8.055970191955566, 8.157712936401367, 8.26162314414978, 8.364083051681519, 8.466423273086548, 8.567349195480347, 8.66836667060852, 8.768808126449585, 8.868499517440796, 8.96902871131897, 9.070236206054688]}}