{"acc": [0.5234514150009895, 0.5234514150009895, 0.5838115970710469, 0.6415990500692658, 0.7187809222244211, 0.7359984167821096, 0.7425291905798536, 0.749455768850188, 0.7518305956857313, 0.7528201068672076, 0.7540075202849792, 0.756778151593113, 0.7621215119730853, 0.7666732634078766, 0.7730061349693251, 0.7838907579655651, 0.8248565208786859, 0.7763704729863448, 0.780922224421136, 0.8501880071244805, 0.8683950128636454, 0.8448446467445082, 0.8672075994458738, 0.8800712448050663, 0.8685929150999406, 0.8804670492776568, 0.8877894320205818, 0.8897684543835346, 0.8947160102909163, 0.8951118147635069, 0.8994656639620028, 0.904017415396794, 0.9093607757767663, 0.9149020383930339, 0.9152978428656244, 0.923807639026321, 0.9269740748070453, 0.9220265188996636, 0.9382545022758757, 0.9406293291114189, 0.9453789827825054, 0.9459726894913912, 0.9616069661587175, 0.9564615080150406, 0.9631901840490797, 0.967741935483871, 0.9786265584801108, 0.9756580249356818, 0.9825846032060163, 0.9806055808430635, 0.9861468434593311, 0.9903027904215318, 0.9908964971304176, 0.9912923016030081, 0.9946566396200277, 0.9942608351474371], "mcc": [0.035503527621132215, 0.10354274156770231, 0.26073814921854493, 0.38002912647979786, 0.5553760222012434, 0.6019964410214566, 0.6138916942522601, 0.6262307540531085, 0.6304811046054266, 0.632251328936335, 0.6345249905149751, 0.6390770202243384, 0.6468601380476016, 0.6533893799564877, 0.6623141065964294, 0.6773449943567077, 0.7311304004877671, 0.6666281379733701, 0.6729809687720705, 0.7700641530826392, 0.7887012428612331, 0.7631314620573283, 0.7929545721979379, 0.8044437708976395, 0.795314206174735, 0.8115760757196319, 0.8212769065056559, 0.8246224838647114, 0.8291363500224213, 0.8295702587941653, 0.8362510262211705, 0.8433220688356226, 0.8516247324282582, 0.860541915985361, 0.8621676645246016, 0.8749786834547569, 0.8802960201648882, 0.8757078096789993, 0.8989261389004083, 0.9034993204928226, 0.911410175419972, 0.9130045757244426, 0.9372323171466206, 0.9298091831444711, 0.9403537650257674, 0.9476796581181294, 0.9651010616584941, 0.9606220030501238, 0.9715812804447002, 0.9686115348536661, 0.9775097792393614, 0.9842202939452543, 0.9851939938016383, 0.9858429277607493, 0.9912958322500852, 0.9906532005587244], "f1": [0.23186500109577032, 0.2517968489694893, 0.4051089953449189, 0.5377182980569495, 0.5799587401446517, 0.5793982175365178, 0.5857211950254954, 0.5935197096558068, 0.5957583556164379, 0.5966864408653233, 0.59775661786861, 0.6023855953128213, 0.6161136616926804, 0.6279511374595752, 0.64464494956566, 0.6715826323567696, 0.7656979866771237, 0.6515972936201543, 0.662778731046171, 0.8078890505130736, 0.8461684887464486, 0.7978352256930048, 0.8374750704215345, 0.8659128448422481, 0.8391282791117082, 0.8580180842104917, 0.8698880211224677, 0.8722666895197609, 0.8825129045641834, 0.8833032936307639, 0.8891835866185372, 0.8951802893550221, 0.9022714427502333, 0.9090116211603861, 0.9076038197381253, 0.9200298297504267, 0.9227305735399285, 0.9128754284250465, 0.9348781285634803, 0.9363469746480805, 0.9414259005655742, 0.9415132963370985, 0.9598356325744009, 0.9532986932405039, 0.9609123437829997, 0.96594194818696, 0.9778340150081336, 0.9744211235006763, 0.9819446415829121, 0.9796936629161582, 0.9855744677975181, 0.9899316904727936, 0.9905334779413387, 0.9909421736975895, 0.9944363591182643, 0.9940267459000459], "times": {"epochs": [4.0159995555877686, 0.1350250244140625, 0.13708186149597168, 0.13993453979492188, 0.14362096786499023, 0.13285326957702637, 0.13674354553222656, 0.13118839263916016, 0.13413548469543457, 0.13016748428344727, 0.1064910888671875, 0.11392736434936523, 0.1345665454864502, 0.13422012329101562, 0.13404345512390137, 0.13138127326965332, 0.13185906410217285, 0.1329941749572754, 0.13403654098510742, 0.131666898727417, 0.12759923934936523, 0.13704347610473633, 0.12256145477294922, 0.1356661319732666, 0.13027644157409668, 0.1359539031982422, 0.10955142974853516, 0.11857414245605469, 0.11542868614196777, 0.12018227577209473, 0.13573908805847168, 0.1348564624786377, 0.13465285301208496, 0.13109135627746582, 0.13793182373046875, 0.1271529197692871, 0.11209988594055176, 0.1128544807434082, 0.11614608764648438, 0.11937499046325684, 0.14113306999206543, 0.11455821990966797, 0.11530017852783203, 0.1127169132232666, 0.11346435546875, 0.11351513862609863, 0.11057496070861816, 0.1205604076385498, 0.11760759353637695, 0.12771320343017578, 0.1303260326385498, 0.1269075870513916, 0.12577176094055176, 0.12493062019348145, 0.12272882461547852, 0.11075210571289062], "global_times": [4.074384689331055, 4.209707736968994, 4.3470823764801025, 4.487288475036621, 4.631208419799805, 4.764341831207275, 4.9013707637786865, 5.032844543457031, 5.167267322540283, 5.297726154327393, 5.404430389404297, 5.518569469451904, 5.653421640396118, 5.787962913513184, 5.922300338745117, 6.053984880447388, 6.1861252784729, 6.319406747817993, 6.4537599086761475, 6.585710525512695, 6.713618278503418, 6.850978851318359, 6.973827362060547, 7.109698534011841, 7.240569353103638, 7.376728057861328, 7.4864866733551025, 7.605283975601196, 7.720918416976929, 7.841294765472412, 7.977346181869507, 8.112490177154541, 8.247431993484497, 8.378809452056885, 8.5170156955719, 8.644439697265625, 8.756773233413696, 8.869824647903442, 8.98617696762085, 9.105749607086182, 9.24708867073059, 9.361853122711182, 9.477347135543823, 9.590288162231445, 9.703954935073853, 9.817671537399292, 9.928452491760254, 10.049235582351685, 10.167039155960083, 10.295008182525635, 10.425591945648193, 10.552766561508179, 10.678802013397217, 10.80402159690857, 10.927006959915161, 11.037966012954712]}}