{"acc": [0.4481715073849409, 0.44845271093614003, 0.4684717256524592, 0.5388261760334231, 0.539093988939327, 0.6514682842566183, 0.694586162107152, 0.715823725545334, 0.7176716345960712, 0.7178457129849087, 0.7178457129849087, 0.8043091096559943, 0.8073621767832991, 0.8075898177533175, 0.8076032083986128, 0.8076299896892031, 0.8076433803344983, 0.8076433803344983, 0.8076433803344983, 0.8076567709797935, 0.8076835522703839, 0.8077237242062695, 0.807763896142155, 0.8078576306592214, 0.8096921490646635, 0.9627740060793529, 0.9997857496752769, 1.0], "mcc": [0.012635840259399025, 0.021094517610473824, 0.12874425295130518, 0.3243038123608568, 0.3275801616356206, 0.4917053629905251, 0.5786449606140402, 0.6252181610612882, 0.6292630922445647, 0.6296947530588328, 0.6296947530588328, 0.7323461186485677, 0.7361111067093822, 0.7363922325256453, 0.7364087710857027, 0.736441848788416, 0.7364583879310874, 0.7364583879310874, 0.7364583879310874, 0.7364749272679786, 0.7365080065244518, 0.7365576268660033, 0.7365936694997633, 0.7366959000868059, 0.738894278494236, 0.9428297683955883, 0.9996688454853866, 1.0], "f1": [0.20675725489588656, 0.20749197898540028, 0.2618390565018456, 0.38707110174006115, 0.3882723168894537, 0.5227475029527927, 0.5644948811979252, 0.5848499464045448, 0.5866306359405263, 0.5868296478464288, 0.5868296478464288, 0.7632874176559709, 0.7682464583428055, 0.7686136267089657, 0.7686352137857136, 0.7686783842546258, 0.7686999676470793, 0.7686999676470793, 0.7686999676470793, 0.7687215498117244, 0.7687647104581669, 0.7688294422228804, 0.7689051090746154, 0.7690670017949941, 0.7720578647943768, 0.9636148404114544, 0.999793705680081, 1.0], "times": {"epochs": [6.3765881061553955, 1.0254511833190918, 1.0504279136657715, 1.0983622074127197, 1.053337574005127, 1.0256381034851074, 1.0225841999053955, 1.0895600318908691, 1.0449366569519043, 1.0219810009002686, 1.0717930793762207, 1.0639457702636719, 1.0279369354248047, 1.0372412204742432, 1.0503685474395752, 1.057758092880249, 1.0343914031982422, 1.0472075939178467, 1.0934619903564453, 1.0202915668487549, 1.0488483905792236, 1.0183298587799072, 1.0783271789550781, 1.03029465675354, 1.0524907112121582, 1.0603692531585693, 1.0853726863861084, 1.4595887660980225], "global_times": [6.519748210906982, 7.545460939407349, 8.596122026443481, 9.694729089736938, 10.748323440551758, 11.77421498298645, 12.797027349472046, 13.886802434921265, 14.93226957321167, 15.954470157623291, 17.02649426460266, 18.091481685638428, 19.119648694992065, 20.15712070465088, 21.207704067230225, 22.265703678131104, 23.300352811813354, 24.347795009613037, 25.44155192375183, 26.46237301826477, 27.51146411895752, 28.53002905845642, 29.60858917236328, 30.63910698890686, 31.691824674606323, 32.75251579284668, 33.83813166618347, 35.298007011413574]}}