{"acc": [0.9832079990796038, 0.9836420495549675, 0.9844343224106012, 0.9847402495528758, 0.9850540209808495, 0.9852475133614333, 0.9856031209798036, 0.9857835395508885, 0.9857913838365878, 0.9860136385980692, 0.9861103847883612, 0.986076392883664, 0.9860685485979647, 0.9860711633598644, 0.9860868519312631, 0.9861391471692588, 0.9863247952641433, 0.9862751147880474, 0.9864084676449363, 0.9865601238351236, 0.9865470500256247, 0.98660196002552, 0.9866281076445179, 0.9866699438349144, 0.9867065505015113, 0.9867666900252063, 0.9868242147870014, 0.9869000428820952, 0.9868738952630973, 0.9868869690725962, 0.9868921985963958, 0.9869000428820952, 0.9869105019296943, 0.9870020185961866, 0.9869889447866877, 0.9870203219294851, 0.9870360105008837, 0.987046469548483, 0.9870647728817814, 0.9870543138341823, 0.9870830762150798, 0.9871222976435766, 0.9871092238340776, 0.9870909205007792, 0.9871196828816768, 0.9871589043101735, 0.9871406009768751, 0.9871327566911757, 0.9872765685956637, 0.9872085847862694, 0.9872321176433674, 0.9872321176433674, 0.9872190438338685, 0.9873053309765613, 0.9873654705002562, 0.9873027162146615, 0.9873184047860601, 0.9872922571670624, 0.987368085262156, 0.9873576262145569, 0.9874073066906528, 0.9874099214525526, 0.9874203805001517, 0.9874308395477508, 0.9874779052619469, 0.9874386838334501, 0.9874935938333456, 0.9874831347857465, 0.9874386838334501, 0.9875145119285438, 0.9875092824047442, 0.9875380447856418, 0.9875511185951408, 0.9875092824047442, 0.9875929547855372, 0.9875694219284392, 0.9875406595475416, 0.987572036690339, 0.9876269466902344, 0.9875798809760383, 0.9876060285950361, 0.9876295614521342, 0.9876374057378335, 0.9876164876426352, 0.9876426352616331, 0.9876583238330318, 0.9876740124044304, 0.9876217171664349, 0.98767924192823, 0.9876609385949315, 0.9876583238330318, 0.9876844714520295, 0.9876949304996288, 0.9876844714520295, 0.9876870862139293, 0.9876426352616331, 0.9877210781186265, 0.9877289224043259, 0.9876949304996288, 0.9876818566901298, 0.9877080043091276, 0.9876975452615285, 0.9877210781186265, 0.9877210781186265, 0.987739381451925, 0.9877341519281254, 0.9876818566901298, 0.9877576847852234, 0.9876897009758291, 0.9877446109757245, 0.9877367666900252, 0.9876844714520295], "mcc": [0.7852547385757798, 0.7926512075002712, 0.799637364589048, 0.8034169785059547, 0.8076129972223625, 0.8110960891988603, 0.8161066838982425, 0.8183895394245739, 0.8181113786121906, 0.8204332359050654, 0.8210727536674701, 0.8206951064601015, 0.8205301110934252, 0.8218339787122717, 0.8219829619768622, 0.8224708891199459, 0.8235748541733151, 0.8242879997570334, 0.8258617712647836, 0.8267822378328383, 0.8276514757876542, 0.8280312953893975, 0.8280386584116218, 0.8291425486235804, 0.8289981246669348, 0.8301916210567667, 0.8308670474150696, 0.8318096737784672, 0.8314637017822444, 0.8316583649680556, 0.8317384848999458, 0.8318948931910588, 0.8319645699334516, 0.8328147961608832, 0.8328748695105828, 0.8332232429886799, 0.833380613797851, 0.8334402548685109, 0.8336819100012256, 0.8334679659458923, 0.8336907721584602, 0.8342471360284032, 0.8339266319873821, 0.8340054130461624, 0.8342652295157734, 0.8347576345806487, 0.8345397069739483, 0.8344240953524783, 0.8362263963656063, 0.8352429405961641, 0.8354545747109763, 0.8355686731012708, 0.8354727669717034, 0.8365727204209379, 0.8373529756914926, 0.8365562059370816, 0.8366990922786103, 0.836383664315745, 0.8373197692358008, 0.8371322616550917, 0.8378147345163295, 0.8377513031214745, 0.8379812360640494, 0.8380607908884969, 0.8387439200587048, 0.8378544630046179, 0.838537782410276, 0.8387456229002032, 0.8378941813987046, 0.8385696805112053, 0.8384369134003365, 0.8386666674460934, 0.8384456607797407, 0.8379812625144967, 0.8394191994717661, 0.8389018449173751, 0.8386058986289932, 0.8387544174748244, 0.8396491966516917, 0.8388630692721873, 0.8392799034525842, 0.8395875075253766, 0.8397284901380576, 0.839476092525982, 0.8396005227607232, 0.839967678438229, 0.8401971568975518, 0.8396451820383543, 0.8401899795279922, 0.8400197638780479, 0.8400825110267903, 0.8404138746700843, 0.8403732725402486, 0.8403433114299965, 0.8402198691067365, 0.8396568890158709, 0.8407446986524151, 0.8407742237429026, 0.8403755924977793, 0.8403391686539494, 0.8406072381742123, 0.8405837325038845, 0.8407416682100948, 0.8408129040738428, 0.8409885107234458, 0.8408782398647086, 0.8402001204167044, 0.8411914253905629, 0.8403318704188861, 0.841130455034003, 0.8410478069970926, 0.8401512219265026], "f1": [0.37264810532062975, 0.379185738155641, 0.38988415773117024, 0.4122031452522495, 0.42234106929053306, 0.4538666804659549, 0.4572753202799465, 0.458948230879234, 0.45970729244088016, 0.46996067421327686, 0.4580059787022107, 0.42982986965268727, 0.44354017807722823, 0.4489284964119804, 0.44943005109752326, 0.4507475410955094, 0.4519680132131647, 0.45008297575529344, 0.4663307975194272, 0.4722548515556963, 0.47179627673844793, 0.46810044560379005, 0.4720288883844721, 0.4837339921982286, 0.4832323331061642, 0.482412621052568, 0.4877485997966887, 0.4889874604489675, 0.4808972611712985, 0.49582388533577626, 0.4913968705687262, 0.4912812333031818, 0.4927599789051186, 0.4986200117364709, 0.5031280355066814, 0.49257123468968933, 0.4982069924814141, 0.4928693358673827, 0.4941526925898452, 0.49392124601703813, 0.4944201935683231, 0.5076215667196725, 0.4998987374528876, 0.5056929880309338, 0.5114949978902465, 0.5130904674700811, 0.501541904782969, 0.5017496826180643, 0.5136279779587298, 0.5117871878341027, 0.5136954343722919, 0.5137456601723713, 0.5129535797430126, 0.5148517839975713, 0.5173162958761125, 0.5094672057115661, 0.5105390492191342, 0.516435152445781, 0.5158328441917067, 0.5170945759704609, 0.51645503187345, 0.5173971417421597, 0.5170922342493715, 0.51849429039229, 0.5196304401686596, 0.5168189486196647, 0.5190166036495707, 0.5178487557627742, 0.5188945435879981, 0.5194611811489214, 0.5199594181934591, 0.5136802885829015, 0.5206033152256557, 0.519726976757446, 0.5213842460407985, 0.5202678847833585, 0.5209849792823869, 0.518619212757526, 0.5158343776642971, 0.5150233926225009, 0.5124629664534942, 0.5155308326977661, 0.5198345378570497, 0.519137131775949, 0.5147464064051969, 0.5166911101674087, 0.5209728321051189, 0.5149595613437756, 0.5165728050825343, 0.5098585879766663, 0.5103198516821946, 0.5206757580861533, 0.5092771028672569, 0.5197916329019656, 0.5149683407067098, 0.5140513118588033, 0.5155168364115282, 0.5210218361174712, 0.5192992197126135, 0.5215595494249212, 0.5217223051257965, 0.5141916308206116, 0.5214769290965215, 0.5214835909087876, 0.5164840038242207, 0.5142289855340725, 0.5170190564437909, 0.5175796806094503, 0.5175717061348918, 0.5199545008328809, 0.5193996020106644, 0.5224980984050693],