{"times": {"train": [10.874180316925049, 7.049161434173584, 6.638095378875732, 6.968540668487549, 6.9820921421051025, 6.651593446731567, 6.631072998046875, 6.995577573776245, 6.626215934753418, 6.685503721237183, 6.976832866668701, 6.663603782653809, 6.9452149868011475, 6.644580841064453, 6.675905466079712, 7.386755466461182, 6.653029918670654, 6.687195062637329, 7.019971132278442, 6.957050323486328, 7.359020471572876, 7.36583948135376, 6.6769022941589355, 7.009645462036133, 6.705357789993286, 6.9613356590271, 7.359459400177002, 7.042589426040649, 6.6308863162994385, 6.975647449493408, 6.649989604949951, 6.719966411590576, 6.690716981887817, 7.00061821937561, 6.6567816734313965, 7.032683610916138, 6.66644287109375, 6.670129776000977, 6.994809150695801, 6.664968490600586, 6.6833319664001465, 6.620245456695557, 6.61166524887085, 6.965187311172485, 6.993210077285767, 6.65855073928833, 7.361887454986572, 6.623877286911011, 6.663890361785889, 6.985217809677124, 6.990329742431641, 6.651978015899658, 7.30982780456543], "comm_send": [0.0001900196075439453, 0.0001804828643798828, 0.00018835067749023438, 0.00021266937255859375, 0.000171661376953125, 0.00018453598022460938, 0.00018143653869628906, 0.00017905235290527344, 0.0001785755157470703, 0.00016188621520996094, 0.0001780986785888672, 0.00018143653869628906, 0.0001728534698486328, 0.00018596649169921875, 0.00018072128295898438, 0.00017690658569335938, 0.00032901763916015625, 0.00017380714416503906, 0.00016689300537109375, 0.0001785755157470703, 0.00017571449279785156, 0.000186920166015625, 0.00020551681518554688, 0.00017333030700683594, 0.0002567768096923828, 0.00019884109497070312, 0.0002028942108154297, 0.00019788742065429688, 0.00018167495727539062, 0.0001957416534423828, 0.00017714500427246094, 0.00019073486328125, 0.00018215179443359375, 0.00019550323486328125, 0.00017952919006347656, 0.00017571449279785156, 0.00017714500427246094, 0.0001800060272216797, 0.00018358230590820312, 0.00017881393432617188, 0.00017786026000976562, 0.00018548965454101562, 0.00019884109497070312, 0.00017881393432617188, 0.00018596649169921875, 0.00018858909606933594, 0.0001723766326904297, 0.0002269744873046875, 0.0001862049102783203, 0.00018310546875, 0.00017380714416503906, 0.0002129077911376953, 0.0001780986785888672], "comm_recv": [7.139517068862915, 6.61046838760376, 6.603175163269043, 6.317529678344727, 6.293175458908081, 7.114879846572876, 6.59256649017334, 6.446984767913818, 6.794226884841919, 7.252603054046631, 6.813731670379639, 7.209714651107788, 6.886462688446045, 7.041066884994507, 6.897274494171143, 6.572016954421997, 7.260472536087036, 7.1798295974731445, 6.492755174636841, 6.991966485977173, 6.373388290405273, 6.5798022747039795, 7.26594877243042, 6.54888916015625, 6.884751558303833, 6.8920159339904785, 7.825416803359985, 6.882569313049316, 7.360706806182861, 6.685941219329834, 6.991929531097412, 7.234766721725464, 7.202935695648193, 7.352964639663696, 7.319377183914185, 6.9508562088012695, 7.329958200454712, 7.143032073974609, 6.8022215366363525, 7.145085573196411, 7.054121017456055, 7.357862710952759, 7.732120037078857, 6.676881313323975, 6.531072378158569, 7.3668434619903564, 6.653762102127075, 8.442314863204956, 7.158341884613037, 7.407698392868042, 6.481712341308594, 8.16495132446289, 6.459769248962402], "conv_send": [0.00668025016784668, 0.007177591323852539, 0.0067958831787109375, 0.006796360015869141, 0.0066301822662353516, 0.0066852569580078125, 0.006689786911010742, 0.009500980377197266, 0.006906986236572266, 0.006658077239990234, 0.0066258907318115234, 0.006665945053100586, 0.0066661834716796875, 0.006708860397338867, 0.006631612777709961, 0.007185220718383789, 0.0067708492279052734, 0.006676912307739258, 0.0070912837982177734, 0.006659984588623047, 0.007075309753417969, 0.007259368896484375, 0.006674289703369141, 0.007174968719482422, 0.00671839714050293, 0.006718873977661133, 0.007100343704223633, 0.007174968719482422, 0.006696939468383789, 0.006805419921875, 0.006657838821411133, 0.006764650344848633, 0.006646156311035156, 0.007167816162109375, 0.006802558898925781, 0.007154703140258789, 0.006657600402832031, 0.0067141056060791016, 0.007161617279052734, 0.006659746170043945, 0.0066797733306884766, 0.0067920684814453125, 0.006797313690185547, 0.0069026947021484375, 0.007134437561035156, 0.006641864776611328, 0.007051944732666016, 0.006824970245361328, 0.006714344024658203, 0.00714421272277832, 0.006603717803955078, 0.0068471431732177734, 0.006681203842163086], "conv_recv": [0.0002543926239013672, 0.0003578662872314453, 0.00024437904357910156, 0.0002968311309814453, 0.000293731689453125, 0.00034880638122558594, 0.00029015541076660156, 0.00033211708068847656, 0.0003154277801513672, 0.0002639293670654297, 0.00036263465881347656, 0.0004303455352783203, 0.00029969215393066406, 0.0002465248107910156, 0.0003037452697753906, 0.00026106834411621094, 0.00029969215393066406, 0.0003046989440917969, 0.00028324127197265625, 0.00024080276489257812, 0.0005125999450683594, 0.00031113624572753906, 0.00024962425231933594, 0.00028014183044433594, 0.0002598762512207031, 0.00027441978454589844, 0.0002732276916503906, 0.0003161430358886719, 0.00024580955505371094, 0.00027108192443847656, 0.00027942657470703125, 0.00025844573974609375, 0.00030040740966796875, 0.00041031837463378906, 0.00029349327087402344, 0.0002551078796386719, 0.0002613067626953125, 0.00035572052001953125, 0.00026106834411621094, 0.0002543926239013672, 0.00027942657470703125, 0.0002567768096923828, 0.0003032684326171875, 0.00029349327087402344, 0.0002903938293457031, 0.00030875205993652344, 0.00034546852111816406, 0.00034236907958984375, 0.0003066062927246094, 0.00029468536376953125, 0.00038242340087890625, 0.0002830028533935547, 0.0002543926239013672], "epochs": [18.03050684928894, 13.67734670639038, 13.258093118667603, 13.334844827651978, 13.291927099227905, 13.783569812774658, 13.241059064865112, 13.462437391281128, 13.437783479690552, 13.954806327819824, 13.807865142822266, 13.891514301300049, 13.848373889923096, 13.702492952346802, 13.590078830718994, 13.976078271865845, 13.930540084838867, 13.883838415145874, 13.53026032447815, 13.96576714515686, 13.751596450805664, 13.963392972946167, 13.959574937820435, 13.57596468925476, 13.607121229171753, 13.87025260925293, 15.202109336853027, 13.942607164382935, 14.00830864906311, 13.678516626358032, 13.658639669418335, 13.971661806106567, 13.91038990020752, 14.371698379516602, 13.993200063705444, 14.000607967376709, 14.013265132904053, 13.831260442733765, 13.814185857772827, 13.826866149902344, 13.754348278045654, 13.995009660720825, 14.360657930374146, 13.658984184265137, 13.541581392288208, 14.042160511016846, 14.034015893936157, 15.083363771438599, 13.839184284210205, 14.410527229309082, 13.489905595779419, 14.834172487258911, 13.786509037017822]}}