{"times": {"train": [10.556032419204712, 6.882054090499878, 6.855686902999878, 6.530383825302124, 6.47439432144165, 6.909165859222412, 6.4644997119903564, 6.507061243057251, 6.888800859451294, 7.2779541015625, 6.879825115203857, 6.4897332191467285, 7.328178644180298, 6.551872968673706, 6.922946214675903, 6.912515878677368, 6.507327079772949, 7.308588743209839, 6.504131317138672, 6.899035692214966, 6.541070938110352, 6.485105276107788, 6.500655651092529, 6.85703444480896, 6.895018100738525, 6.493367433547974, 6.550623416900635, 6.439117908477783, 6.845771789550781, 7.214479207992554, 6.511118650436401, 6.5830230712890625, 6.57660174369812, 6.512301206588745, 6.536092281341553, 6.939236402511597, 6.500899076461792, 6.9262237548828125, 6.849180698394775, 6.52509617805481, 6.861087322235107, 6.9111716747283936, 6.473896503448486, 6.521611213684082, 6.522200107574463, 6.869025707244873, 7.290552139282227, 7.32289457321167, 6.454343318939209, 6.4675612449646, 6.904661655426025, 6.496236085891724, 6.850564956665039], "comm_send": [0.00019979476928710938, 0.0001857280731201172, 0.00017547607421875, 0.00019049644470214844, 0.00019025802612304688, 0.00018024444580078125, 0.0001983642578125, 0.0002193450927734375, 0.00017690658569335938, 0.00017452239990234375, 0.0001823902130126953, 0.0002422332763671875, 0.0001704692840576172, 0.0001876354217529297, 0.00017261505126953125, 0.0001811981201171875, 0.000213623046875, 0.00018215179443359375, 0.00019240379333496094, 0.00018358230590820312, 0.00019025802612304688, 0.0001842975616455078, 0.00018787384033203125, 0.000179290771484375, 0.00017881393432617188, 0.0001780986785888672, 0.00019407272338867188, 0.00018978118896484375, 0.0001709461212158203, 0.0001709461212158203, 0.0001857280731201172, 0.00018548965454101562, 0.0001804828643798828, 0.00018668174743652344, 0.00019931793212890625, 0.000171661376953125, 0.00018715858459472656, 0.0001900196075439453, 0.00017881393432617188, 0.00020384788513183594, 0.0001780986785888672, 0.00017905235290527344, 0.00019288063049316406, 0.0002105236053466797, 0.0001857280731201172, 0.0001690387725830078, 0.0001850128173828125, 0.0001766681671142578, 0.0001900196075439453, 0.0001838207244873047, 0.0002186298370361328, 0.00019621849060058594, 0.0001900196075439453], "comm_recv": [7.4487433433532715, 6.788206338882446, 6.386404037475586, 6.755614280700684, 6.833037376403809, 6.857244491577148, 6.759142160415649, 6.9382524490356445, 6.532615423202515, 6.659990310668945, 6.911198854446411, 7.383692264556885, 6.504341125488281, 7.134031295776367, 6.650313854217529, 7.047458171844482, 7.405532360076904, 6.558486461639404, 7.009238004684448, 7.050765037536621, 7.191802263259888, 7.463069915771484, 7.44253945350647, 6.702139139175415, 6.695543050765991, 7.359566688537598, 8.635169506072998, 7.486595392227173, 7.146638870239258, 6.446765422821045, 7.131341218948364, 7.3719353675842285, 7.317580461502075, 7.841827630996704, 7.441319465637207, 7.044914484024048, 7.495788097381592, 6.887406587600708, 6.949760675430298, 7.285256385803223, 6.87699556350708, 7.0668933391571045, 7.86946177482605, 7.1208038330078125, 7.002947807312012, 7.1570446491241455, 6.725545883178711, 7.744732141494751, 7.368135929107666, 7.9261603355407715, 6.567563056945801, 8.322123527526855, 6.919000864028931], "conv_send": [0.006760835647583008, 0.006963491439819336, 0.006468772888183594, 0.0065839290618896484, 0.006676912307739258, 0.006850481033325195, 0.006754636764526367, 0.0069124698638916016, 0.0064678192138671875, 0.006903171539306641, 0.006450176239013672, 0.006752729415893555, 0.006911754608154297, 0.006664752960205078, 0.0068624019622802734, 0.0064547061920166016, 0.006658077239990234, 0.006949901580810547, 0.006726264953613281, 0.006447553634643555, 0.0068318843841552734, 0.0067005157470703125, 0.006700277328491211, 0.0064737796783447266, 0.006988048553466797, 0.006527900695800781, 0.006585836410522461, 0.007096529006958008, 0.006394863128662109, 0.00642085075378418, 0.0064814090728759766, 0.006564140319824219, 0.006488323211669922, 0.0067272186279296875, 0.006592988967895508, 0.006881237030029297, 0.006525754928588867, 0.0064542293548583984, 0.006408214569091797, 0.0066378116607666016, 0.006352901458740234, 0.006898403167724609, 0.00649261474609375, 0.006643772125244141, 0.006536006927490234, 0.0063250064849853516, 0.006858110427856445, 0.006897449493408203, 0.006755828857421875, 0.006751060485839844, 0.006548166275024414, 0.00665736198425293, 0.006594181060791016], "conv_recv": [0.00022554397583007812, 0.0002753734588623047, 0.0002646446228027344, 0.0002346038818359375, 0.00023365020751953125, 0.00025534629821777344, 0.00023317337036132812, 0.00028777122497558594, 0.00027298927307128906, 0.000232696533203125, 0.0003228187561035156, 0.0002932548522949219, 0.00023412704467773438, 0.00023651123046875, 0.00024437904357910156, 0.00029349327087402344, 0.0002789497375488281, 0.00027561187744140625, 0.0002739429473876953, 0.00024056434631347656, 0.00032019615173339844, 0.0003209114074707031, 0.00024175643920898438, 0.00026488304138183594, 0.00037360191345214844, 0.00023603439331054688, 0.00024008750915527344, 0.0002524852752685547, 0.00033164024353027344, 0.00023746490478515625, 0.0002493858337402344, 0.0002529621124267578, 0.00024127960205078125, 0.0002949237823486328, 0.0002567768096923828, 0.00023126602172851562, 0.0002377033233642578, 0.000331878662109375, 0.0002357959747314453, 0.0002474784851074219, 0.0003230571746826172, 0.0003018379211425781, 0.00025343894958496094, 0.00024700164794921875, 0.0002608299255371094, 0.0002346038818359375, 0.0002677440643310547, 0.00032520294189453125, 0.0002579689025878906, 0.0002899169921875, 0.0002968311309814453, 0.0002677440643310547, 0.0002465248107910156], "epochs": [18.02130150794983, 13.687348127365112, 13.258846044540405, 13.302371978759766, 13.323980331420898, 13.783524513244629, 13.240904092788696, 13.46219539642334, 13.438095092773438, 13.954640626907349, 13.807777881622314, 13.89070200920105, 13.849217653274536, 13.702415704727173, 13.590045690536499, 13.977109670639038, 13.929287433624268, 13.883844375610352, 13.53007197380066, 13.965998649597168, 13.749840021133423, 13.965076446533203, 13.959771871566772, 13.575675249099731, 13.608123302459717, 13.869153499603271, 15.202151536941528, 13.942727088928223, 14.009269714355469, 13.677441358566284, 13.658919095993042, 13.971392631530762, 13.910472631454468, 14.370833158493042, 13.993935346603394, 14.000787734985352, 14.013204097747803, 13.830217838287354, 13.81506872177124, 13.82689118385315, 13.75464940071106, 13.99576711654663, 14.359698057174683, 13.65891718864441, 13.541580200195312, 14.04212498664856, 14.032832145690918, 15.084499835968018, 13.839110612869263, 14.410560607910156, 13.48887038230896, 14.835021257400513, 13.78598141670227]}}