{"times": {"train": [10.601907968521118, 6.5551629066467285, 6.8526225090026855, 6.8338682651519775, 6.867135763168335, 7.283287525177002, 6.85280966758728, 6.852823972702026, 6.510940790176392, 6.853592395782471, 6.453821420669556, 7.183847904205322, 6.490873098373413, 6.925540924072266, 6.879111289978027, 6.465488433837891, 7.327363729476929, 6.497511148452759, 6.861736059188843, 6.825815916061401, 7.299084663391113, 6.856389999389648, 6.838392496109009, 6.799872398376465, 6.853804349899292, 6.445439577102661, 6.446712970733643, 7.269061803817749, 6.431906223297119, 6.3683812618255615, 6.870273590087891, 6.808790445327759, 7.206616640090942, 6.355542421340942, 6.390649080276489, 6.396484136581421, 6.395993947982788, 7.277965068817139, 6.422919750213623, 6.482523202896118, 6.481680870056152, 6.417634963989258, 6.815375804901123, 6.78546929359436, 6.808002471923828, 6.482911109924316, 6.552841663360596, 6.81895637512207, 6.810191869735718, 6.376564264297485, 6.461298227310181, 6.829809665679932, 6.427743196487427], "comm_send": [0.0001971721649169922, 0.0001862049102783203, 0.0001723766326904297, 0.00017762184143066406, 0.0002090930938720703, 0.00017118453979492188, 0.00018453598022460938, 0.00018167495727539062, 0.00019741058349609375, 0.00018310546875, 0.00020384788513183594, 0.0002605915069580078, 0.00020003318786621094, 0.00018739700317382812, 0.00018167495727539062, 0.0002033710479736328, 0.00017762184143066406, 0.00018668174743652344, 0.00019931793212890625, 0.00019669532775878906, 0.00018024444580078125, 0.0001933574676513672, 0.00017833709716796875, 0.00018477439880371094, 0.0002067089080810547, 0.0001926422119140625, 0.0001995563507080078, 0.00018095970153808594, 0.0002415180206298828, 0.0001964569091796875, 0.0001804828643798828, 0.00019049644470214844, 0.0001990795135498047, 0.0002532005310058594, 0.00020432472229003906, 0.0003342628479003906, 0.00019288063049316406, 0.0001690387725830078, 0.00019931793212890625, 0.00018930435180664062, 0.0001933574676513672, 0.0002238750457763672, 0.00018548965454101562, 0.0001819133758544922, 0.0001761913299560547, 0.0002067089080810547, 0.00018286705017089844, 0.00018453598022460938, 0.0001838207244873047, 0.00019931793212890625, 0.00032067298889160156, 0.00018668174743652344, 0.00020074844360351562], "comm_recv": [7.4141669273376465, 7.105525255203247, 6.3884053230285645, 6.4528374671936035, 6.4404308795928955, 6.4829957485198975, 6.371212720870972, 6.592855453491211, 6.910288333892822, 7.0853331089019775, 7.337573766708374, 6.688080787658691, 7.342117071151733, 6.760457992553711, 6.6946070194244385, 7.493990421295166, 6.586436033248901, 7.369946479797363, 6.651934623718262, 7.1238415241241455, 6.433833599090576, 7.091756343841553, 7.1048583984375, 6.7594757080078125, 6.736619234085083, 7.4078309535980225, 8.739102840423584, 6.656836986541748, 7.559847593307495, 7.293581485748291, 6.771646499633789, 7.14667010307312, 6.687349557876587, 7.998464345932007, 7.5866477489471436, 7.587568759918213, 7.600834369659424, 6.534130573272705, 7.375937223434448, 7.327916145324707, 7.256252765655518, 7.560445308685303, 7.528675079345703, 6.857523441314697, 6.717307090759277, 7.5427165031433105, 7.463244199752808, 8.249552249908447, 7.011957883834839, 8.01766061782837, 7.00948429107666, 7.988891124725342, 7.34174919128418], "conv_send": [0.006716489791870117, 0.006575345993041992, 0.006515026092529297, 0.006407737731933594, 0.006402015686035156, 0.006918430328369141, 0.006544828414916992, 0.006500959396362305, 0.006863594055175781, 0.006381988525390625, 0.006676435470581055, 0.00638890266418457, 0.0068531036376953125, 0.006931304931640625, 0.00640416145324707, 0.006885051727294922, 0.006944179534912109, 0.006579875946044922, 0.006459951400756836, 0.006615400314331055, 0.006889820098876953, 0.006973981857299805, 0.006871223449707031, 0.006514072418212891, 0.0064144134521484375, 0.00692296028137207, 0.006777286529541016, 0.006974458694458008, 0.00677800178527832, 0.006971836090087891, 0.006918668746948242, 0.006597757339477539, 0.006585836410522461, 0.006714344024658203, 0.0067751407623291016, 0.006754636764526367, 0.006722927093505859, 0.00688481330871582, 0.006791830062866211, 0.006667137145996094, 0.006723165512084961, 0.0068094730377197266, 0.0068912506103515625, 0.006469249725341797, 0.006415128707885742, 0.006757497787475586, 0.006827592849731445, 0.006430864334106445, 0.006920576095581055, 0.006691932678222656, 0.006808757781982422, 0.006412029266357422, 0.0068662166595458984], "conv_recv": [0.00023055076599121094, 0.00032901763916015625, 0.0002346038818359375, 0.00023651123046875, 0.0002307891845703125, 0.00030684471130371094, 0.00032520294189453125, 0.0002658367156982422, 0.00025653839111328125, 0.00023627281188964844, 0.00031113624572753906, 0.00024390220642089844, 0.00023484230041503906, 0.0003006458282470703, 0.0002460479736328125, 0.0002777576446533203, 0.0002338886260986328, 0.0002815723419189453, 0.00024199485778808594, 0.00024199485778808594, 0.0002887248992919922, 0.0002396106719970703, 0.00024008750915527344, 0.00044989585876464844, 0.0002505779266357422, 0.00024271011352539062, 0.00024437904357910156, 0.000247955322265625, 0.0002875328063964844, 0.00024366378784179688, 0.00024199485778808594, 0.0002377033233642578, 0.0003592967987060547, 0.00028395652770996094, 0.000240325927734375, 0.00024247169494628906, 0.00047516822814941406, 0.0002970695495605469, 0.0002498626708984375, 0.00024700164794921875, 0.0002963542938232422, 0.0002543926239013672, 0.0002675056457519531, 0.0002605915069580078, 0.00024247169494628906, 0.0002377033233642578, 0.00026535987854003906, 0.000278472900390625, 0.0002636909484863281, 0.00034308433532714844, 0.00023031234741210938, 0.0002536773681640625, 0.00023245811462402344], "epochs": [18.03262233734131, 13.678328037261963, 13.25739312171936, 13.30298376083374, 13.323969602584839, 13.783332109451294, 13.241065263748169, 13.462138891220093, 13.438154935836792, 13.955116033554077, 13.809985637664795, 13.88857889175415, 13.849733352661133, 13.702914714813232, 13.590141773223877, 13.976324796676636, 13.93055009841919, 13.883986949920654, 13.530221462249756, 13.966140508651733, 13.750060319900513, 13.965250492095947, 13.959920644760132, 13.576573610305786, 13.606803178787231, 13.869987726211548, 15.202384233474731, 13.94283652305603, 14.008423089981079, 13.678751468658447, 13.658626317977905, 13.97196364402771, 13.910569667816162, 14.370822429656982, 13.994129657745361, 14.000698566436768, 14.014622926712036, 13.828972101211548, 13.815408706665039, 13.827018737792969, 13.754770755767822, 13.994802713394165, 14.360721588134766, 13.659259796142578, 13.54162859916687, 14.042252779006958, 14.032797813415527, 15.084893465042114, 13.838930130004883, 14.411948919296265, 13.487770318984985, 14.835029602050781, 13.786290645599365]}}