{"times": {"train": [10.728791236877441, 6.6014509201049805, 6.930010557174683, 6.932226657867432, 6.631793737411499, 6.597820520401001, 6.617635488510132, 6.615062713623047, 6.9489405155181885, 6.649561405181885, 6.9287636280059814, 6.620768785476685, 6.616623640060425, 6.670305490493774, 6.97514271736145, 7.035629749298096, 6.911602020263672, 6.608359336853027, 6.952941417694092, 6.576663255691528, 7.219468832015991, 6.935438394546509, 6.994548320770264, 6.974721670150757, 6.659619331359863, 7.365365505218506, 6.961537599563599, 7.337732315063477, 6.60615348815918, 6.528071641921997, 6.941791296005249, 7.337865591049194, 6.719127655029297, 7.343495607376099, 6.631908416748047, 7.027499675750732, 6.9534924030303955, 6.664892911911011, 6.931934118270874, 6.973845720291138, 7.002881050109863, 6.944131135940552, 7.676855802536011, 6.921587705612183, 6.930628061294556, 7.024654150009155, 6.985907077789307, 6.945090293884277, 7.317262172698975, 7.677559852600098, 6.99865984916687, 6.902412414550781, 6.975654602050781], "comm_send": [0.00018548965454101562, 0.00021028518676757812, 0.00017523765563964844, 0.0001876354217529297, 0.00018739700317382812, 0.00018525123596191406, 0.00018262863159179688, 0.00018143653869628906, 0.00017023086547851562, 0.00020742416381835938, 0.000202178955078125, 0.00018477439880371094, 0.0002129077911376953, 0.00018072128295898438, 0.00021839141845703125, 0.00018453598022460938, 0.0001838207244873047, 0.000186920166015625, 0.0001773834228515625, 0.00019359588623046875, 0.00017690658569335938, 0.00018358230590820312, 0.00017213821411132812, 0.0002803802490234375, 0.00019073486328125, 0.00018024444580078125, 0.0001895427703857422, 0.0002079010009765625, 0.00018477439880371094, 0.00021314620971679688, 0.0001728534698486328, 0.00018334388732910156, 0.0001761913299560547, 0.00018072128295898438, 0.0001900196075439453, 0.00017714500427246094, 0.00017333030700683594, 0.0001811981201171875, 0.00017905235290527344, 0.00017762184143066406, 0.00022339820861816406, 0.0001780986785888672, 0.0001723766326904297, 0.0001780986785888672, 0.00017523765563964844, 0.00017452239990234375, 0.00018262863159179688, 0.0001804828643798828, 0.00017499923706054688, 0.0001735687255859375, 0.00017499923706054688, 0.0001785755157470703, 0.00017452239990234375], "comm_recv": [7.2771217823028564, 7.068674087524414, 6.31176495552063, 6.353478908538818, 6.6754677295684814, 7.168918132781982, 6.604975938796997, 6.830606698989868, 6.472069263458252, 7.288676500320435, 6.861856937408447, 7.252110958099365, 7.216468334197998, 7.01570725440979, 6.5979084968566895, 6.923331260681152, 7.002380847930908, 7.258528470993042, 6.560520172119141, 7.370703220367432, 6.513538837432861, 7.012643575668335, 6.94804310798645, 6.58391547203064, 6.93075704574585, 6.487215518951416, 8.223466396331787, 6.587559938430786, 7.38531231880188, 7.133716821670532, 6.70038914680481, 6.616702318191528, 7.173336744308472, 7.010007858276367, 7.345249652862549, 6.956151008605957, 7.043073415756226, 7.148138999938965, 6.86690092086792, 6.8364880084991455, 6.734510183334351, 7.033977508544922, 6.666642665863037, 6.72089409828186, 6.5945045948028564, 6.998844623565674, 7.029956340789795, 8.12284803390503, 6.5047287940979, 6.714023590087891, 6.472573757171631, 7.916307210922241, 6.793259620666504], "conv_send": [0.006510496139526367, 0.006829261779785156, 0.0065228939056396484, 0.0069921016693115234, 0.006692171096801758, 0.006589174270629883, 0.006667375564575195, 0.006612062454223633, 0.006617307662963867, 0.006621122360229492, 0.006737232208251953, 0.006741523742675781, 0.006555318832397461, 0.006465435028076172, 0.00658416748046875, 0.007019996643066406, 0.006504535675048828, 0.006662607192993164, 0.006528615951538086, 0.0068416595458984375, 0.006474971771240234, 0.006569623947143555, 0.007061481475830078, 0.00669550895690918, 0.0067903995513916016, 0.007292270660400391, 0.0071070194244384766, 0.007314920425415039, 0.006575345993041992, 0.00670933723449707, 0.0065462589263916016, 0.006999969482421875, 0.006470680236816406, 0.007020235061645508, 0.006703853607177734, 0.006975889205932617, 0.006617546081542969, 0.006684303283691406, 0.006499290466308594, 0.006473541259765625, 0.0069429874420166016, 0.006451129913330078, 0.00697779655456543, 0.006537199020385742, 0.006533384323120117, 0.007079601287841797, 0.006696462631225586, 0.006453514099121094, 0.00699615478515625, 0.0071027278900146484, 0.006974697113037109, 0.006515979766845703, 0.006560802459716797], "conv_recv": [0.0002467632293701172, 0.00035572052001953125, 0.00031113624572753906, 0.0002460479736328125, 0.00026917457580566406, 0.00037550926208496094, 0.0002472400665283203, 0.00030303001403808594, 0.00030684471130371094, 0.0002465248107910156, 0.00033855438232421875, 0.00024080276489257812, 0.0002818107604980469, 0.00025844573974609375, 0.0003600120544433594, 0.0002675056457519531, 0.0002887248992919922, 0.0002834796905517578, 0.0005474090576171875, 0.00035309791564941406, 0.0003044605255126953, 0.00035309791564941406, 0.000247955322265625, 0.0002472400665283203, 0.00034332275390625, 0.0003273487091064453, 0.0003044605255126953, 0.0003178119659423828, 0.00023937225341796875, 0.0002810955047607422, 0.0002474784851074219, 0.0004661083221435547, 0.0002636909484863281, 0.000335693359375, 0.0002803802490234375, 0.0002658367156982422, 0.00030803680419921875, 0.00032711029052734375, 0.00024199485778808594, 0.0002548694610595703, 0.000385284423828125, 0.0002689361572265625, 0.000274658203125, 0.00024509429931640625, 0.0004897117614746094, 0.00024247169494628906, 0.0003139972686767578, 0.00036215782165527344, 0.00043129920959472656, 0.0004353523254394531, 0.0003001689910888672, 0.0003323554992675781, 0.0002906322479248047], "epochs": [18.02235198020935, 13.687467098236084, 13.258443832397461, 13.302711486816406, 13.32399034500122, 13.784432172775269, 13.239887475967407, 13.46237325668335, 13.437997579574585, 13.954845428466797, 13.808022022247314, 13.890013694763184, 13.849628210067749, 13.70261001586914, 13.590022087097168, 13.976045370101929, 13.93049955368042, 13.883702993392944, 13.531837463378906, 13.964306116104126, 13.749881029129028, 13.96518349647522, 13.959659814834595, 13.575644969940186, 13.607495784759521, 13.869940519332886, 15.20206880569458, 13.942975997924805, 14.00805401802063, 13.67851972579956, 13.65873384475708, 13.97300100326538, 13.90900182723999, 14.370824813842773, 13.994014739990234, 14.000546932220459, 14.01340627670288, 13.830016374588013, 13.815224170684814, 13.826893091201782, 13.75485348701477, 13.994699239730835, 14.360543489456177, 13.659067630767822, 13.543144941329956, 14.040533542633057, 14.032804012298584, 15.08477783203125, 13.840593338012695, 14.409249067306519, 13.488539457321167, 14.835506200790405, 13.785520792007446]}}