{"times": {"train": [10.619000911712646, 6.5629870891571045, 6.529295921325684, 6.5633299350738525, 6.919369459152222, 6.598125696182251, 6.592780113220215, 6.584162712097168, 6.928541898727417, 6.638467073440552, 6.510847806930542, 6.928634166717529, 6.944835901260376, 6.9894444942474365, 6.613616943359375, 6.902310609817505, 6.523864507675171, 6.8719401359558105, 6.913918495178223, 6.945346832275391, 6.943164110183716, 6.5227577686309814, 6.55476450920105, 6.906948089599609, 6.902231693267822, 6.546278476715088, 6.57257080078125, 6.9248669147491455, 7.31089448928833, 6.834317445755005, 6.867154836654663, 6.89859676361084, 6.537757158279419, 6.9051618576049805, 7.3328893184661865, 7.309693813323975, 6.916343688964844, 7.316047191619873, 7.320990562438965, 6.578812599182129, 6.942008972167969, 6.551739692687988, 7.207550048828125, 6.905128002166748, 6.870473623275757, 6.527766942977905, 6.549038410186768, 6.467327356338501, 7.2711358070373535, 7.212162733078003, 6.555984258651733, 6.547518730163574, 7.299364805221558], "comm_send": [0.0001881122589111328, 0.0001888275146484375, 0.00018143653869628906, 0.00017786026000976562, 0.00017118453979492188, 0.0001773834228515625, 0.0001990795135498047, 0.0001823902130126953, 0.00018835067749023438, 0.00035190582275390625, 0.00023508071899414062, 0.0001804828643798828, 0.00017547607421875, 0.0001785755157470703, 0.00017881393432617188, 0.0001881122589111328, 0.00018668174743652344, 0.00017595291137695312, 0.00018906593322753906, 0.00019478797912597656, 0.0001800060272216797, 0.0001900196075439453, 0.00018644332885742188, 0.00020241737365722656, 0.00017595291137695312, 0.0001800060272216797, 0.0001900196075439453, 0.00017905235290527344, 0.00016951560974121094, 0.00017523765563964844, 0.00017905235290527344, 0.0001804828643798828, 0.00021028518676757812, 0.00018978118896484375, 0.0001747608184814453, 0.00017571449279785156, 0.00020241737365722656, 0.00017333030700683594, 0.00017881393432617188, 0.0001842975616455078, 0.00017547607421875, 0.0002071857452392578, 0.00017333030700683594, 0.00017786026000976562, 0.00017952919006347656, 0.00018215179443359375, 0.00019693374633789062, 0.0002002716064453125, 0.00017714500427246094, 0.00019216537475585938, 0.0001957416534423828, 0.0001823902130126953, 0.0001780986785888672], "comm_recv": [7.387620449066162, 7.107492923736572, 6.710380554199219, 6.723129749298096, 6.387612819671631, 7.168889760971069, 6.629657983779907, 6.8615148067474365, 6.49277925491333, 7.299475431442261, 7.279353141784668, 6.9444639682769775, 6.887846946716309, 6.696315288543701, 6.9600465297698975, 7.055774211883545, 7.3900651931762695, 6.99526572227478, 6.59946346282959, 7.004211664199829, 6.789561986923218, 7.425448417663574, 7.388230562210083, 6.651366233825684, 6.688068628311157, 7.307251214981079, 8.613013982772827, 7.001007795333862, 6.678757190704346, 6.828224420547485, 6.775237798690796, 7.055786371231079, 7.356006622314453, 7.4490883350372314, 6.644352197647095, 6.674163818359375, 7.080384969711304, 6.496610164642334, 6.477494239807129, 7.231541633605957, 6.795755386352539, 7.425146579742432, 7.136563777923584, 6.737557411193848, 6.654655694961548, 7.497720003128052, 7.466969728469849, 8.600473165512085, 6.550457000732422, 7.181998252868652, 6.91583776473999, 8.271093368530273, 6.46935772895813], "conv_send": [0.006781339645385742, 0.006871700286865234, 0.006806612014770508, 0.006593942642211914, 0.0069468021392822266, 0.006569623947143555, 0.006793498992919922, 0.006788730621337891, 0.006493806838989258, 0.006758213043212891, 0.0072422027587890625, 0.006502866744995117, 0.007078409194946289, 0.007015705108642578, 0.006585359573364258, 0.006551980972290039, 0.006651401519775391, 0.006470441818237305, 0.00665593147277832, 0.0065004825592041016, 0.006883859634399414, 0.00670313835144043, 0.006726741790771484, 0.007097959518432617, 0.007002592086791992, 0.006547689437866211, 0.00685429573059082, 0.0064792633056640625, 0.0070154666900634766, 0.0064280033111572266, 0.0064084529876708984, 0.006562471389770508, 0.006685018539428711, 0.00649261474609375, 0.006880760192871094, 0.0068705081939697266, 0.006999015808105469, 0.006933450698852539, 0.00698089599609375, 0.006513118743896484, 0.006873607635498047, 0.006768226623535156, 0.006505489349365234, 0.006493568420410156, 0.0065076351165771484, 0.006749391555786133, 0.006695985794067383, 0.006734371185302734, 0.006859779357910156, 0.00647425651550293, 0.006568193435668945, 0.006731271743774414, 0.006940364837646484], "conv_recv": [0.0002465248107910156, 0.00039839744567871094, 0.00030350685119628906, 0.0003247261047363281, 0.0002455711364746094, 0.00042128562927246094, 0.0002675056457519531, 0.00030517578125, 0.0003135204315185547, 0.00027751922607421875, 0.0005064010620117188, 0.0003001689910888672, 0.00023865699768066406, 0.00030159950256347656, 0.00039005279541015625, 0.00026869773864746094, 0.00027823448181152344, 0.00029778480529785156, 0.0003204345703125, 0.0003287792205810547, 0.0003578662872314453, 0.0004024505615234375, 0.0002734661102294922, 0.0002510547637939453, 0.00037479400634765625, 0.00036525726318359375, 0.00031304359436035156, 0.00040411949157714844, 0.00026297569274902344, 0.0002970695495605469, 0.00028443336486816406, 0.0002639293670654297, 0.0002789497375488281, 0.0002732276916503906, 0.00031375885009765625, 0.0002665519714355469, 0.0003101825714111328, 0.00032901763916015625, 0.0003020763397216797, 0.00027871131896972656, 0.0004467964172363281, 0.00024390220642089844, 0.00032210350036621094, 0.0002474784851074219, 0.00039124488830566406, 0.00024700164794921875, 0.0003306865692138672, 0.00038361549377441406, 0.0002741813659667969, 0.0004303455352783203, 0.00028586387634277344, 0.0002732276916503906, 0.0002455711364746094], "epochs": [18.02330708503723, 13.689494132995605, 13.256471633911133, 13.303043603897095, 13.323875904083252, 13.784868955612183, 13.239778518676758, 13.462503671646118, 13.438178300857544, 13.954855680465698, 13.808281183242798, 13.889896392822266, 13.849691390991211, 13.702914953231812, 13.5914785861969, 13.974586009979248, 13.930631399154663, 13.883759021759033, 13.530219793319702, 13.966081619262695, 13.749981164932251, 13.965362787246704, 13.959693670272827, 13.575678586959839, 13.607490301132202, 13.869958639144897, 15.203153371810913, 13.943564653396606, 14.006539821624756, 13.67877459526062, 13.659501314163208, 13.971029043197632, 13.910356521606445, 14.370818853378296, 13.994215965270996, 14.000480890274048, 14.01393723487854, 13.829882144927979, 13.81531548500061, 13.826786756515503, 13.756081581115723, 13.993711233139038, 14.360637426376343, 13.659060001373291, 13.54176139831543, 14.042053937911987, 14.032978296279907, 15.084901571273804, 13.838659048080444, 14.411044836044312, 13.488838911056519, 14.835346221923828, 13.785614967346191]}}