{"times": {"train": [10.88562536239624, 6.45263671875, 6.443817377090454, 6.882612705230713, 6.828799486160278, 6.86474084854126, 6.827904224395752, 6.464684963226318, 6.838917255401611, 6.861238718032837, 6.844276666641235, 6.442219257354736, 7.188965082168579, 6.846715211868286, 6.443095684051514, 6.796912431716919, 6.820152044296265, 6.432088375091553, 6.5133771896362305, 6.778820991516113, 6.432737827301025, 7.171359539031982, 6.784231662750244, 6.388845682144165, 6.826542615890503, 6.472765922546387, 6.824111700057983, 6.831956148147583, 6.433857679367065, 6.434939861297607, 6.856674432754517, 6.882304906845093, 6.501333236694336, 7.679350852966309, 6.886415243148804, 6.500454425811768, 6.830565452575684, 6.878905773162842, 6.858906984329224, 7.316385507583618, 6.474294662475586, 6.8430399894714355, 6.395991802215576, 6.835397720336914, 6.421850919723511, 7.277926921844482, 6.48700737953186, 6.501009702682495, 6.8338727951049805, 6.841433048248291, 6.9132080078125, 6.902062892913818, 7.314498424530029], "comm_send": [0.00017714500427246094, 0.00019431114196777344, 0.0002014636993408203, 0.00019550323486328125, 0.0001811981201171875, 0.00018095970153808594, 0.0001742839813232422, 0.00021576881408691406, 0.00018143653869628906, 0.00017833709716796875, 0.00018715858459472656, 0.0002033710479736328, 0.00017881393432617188, 0.00017523765563964844, 0.0001933574676513672, 0.00017833709716796875, 0.00019788742065429688, 0.0001995563507080078, 0.00018858909606933594, 0.00022101402282714844, 0.0002181529998779297, 0.0001773834228515625, 0.00017523765563964844, 0.00019598007202148438, 0.00017952919006347656, 0.00024509429931640625, 0.0001850128173828125, 0.0001857280731201172, 0.0001850128173828125, 0.00038909912109375, 0.00021958351135253906, 0.0001876354217529297, 0.0001957416534423828, 0.00020647048950195312, 0.0001819133758544922, 0.0001983642578125, 0.0001804828643798828, 0.0001819133758544922, 0.00019311904907226562, 0.00018453598022460938, 0.0001990795135498047, 0.00018906593322753906, 0.00020241737365722656, 0.00018787384033203125, 0.00020456314086914062, 0.00018024444580078125, 0.0002961158752441406, 0.00020051002502441406, 0.00017833709716796875, 0.0001819133758544922, 0.0001747608184814453, 0.0001804828643798828, 0.0001780986785888672], "comm_recv": [7.131605386734009, 7.20821213722229, 6.797940254211426, 6.4030234813690186, 6.478849172592163, 6.901826858520508, 6.396480560302734, 6.980984210968018, 6.582566976547241, 7.07763409614563, 6.946998596191406, 7.431401491165161, 6.644160270690918, 6.839659214019775, 7.130490303039551, 7.163024187088013, 7.094235897064209, 7.4351935386657715, 7.000331401824951, 7.171048402786255, 7.300114154815674, 6.777355909347534, 7.159407138824463, 7.170468091964722, 6.764702558517456, 7.380084276199341, 8.362013101577759, 7.094344854354858, 7.55795693397522, 7.226979732513428, 6.785343885421753, 7.072672367095947, 7.392542839050293, 6.674700498580933, 7.091388940811157, 7.484030723571777, 7.1662468910217285, 6.934324741363525, 6.939345836639404, 6.493720531463623, 7.263300180435181, 7.135718584060669, 7.948041200637817, 6.80726170539856, 7.103167295455933, 6.747587203979492, 7.529259204864502, 8.566577196121216, 6.989051342010498, 7.552536725997925, 6.559028625488281, 7.9154112339019775, 6.454739809036255], "conv_send": [0.006470680236816406, 0.006783246994018555, 0.0067479610443115234, 0.006932973861694336, 0.006464719772338867, 0.006907224655151367, 0.006351470947265625, 0.006805419921875, 0.006435871124267578, 0.006340503692626953, 0.006459236145019531, 0.0067138671875, 0.006255388259887695, 0.0063359737396240234, 0.006709098815917969, 0.006488800048828125, 0.006402730941772461, 0.006697416305541992, 0.006560087203979492, 0.00644230842590332, 0.007049083709716797, 0.006339550018310547, 0.0063817501068115234, 0.006618976593017578, 0.0063588619232177734, 0.006546497344970703, 0.006333827972412109, 0.0065288543701171875, 0.006865501403808594, 0.0066983699798583984, 0.006929874420166016, 0.006845235824584961, 0.006667137145996094, 0.006849765777587891, 0.006364583969116211, 0.006648063659667969, 0.0065288543701171875, 0.0070226192474365234, 0.0064775943756103516, 0.006849050521850586, 0.006882190704345703, 0.006377696990966797, 0.00672149658203125, 0.006437778472900391, 0.00674891471862793, 0.0068094730377197266, 0.00677490234375, 0.0067005157470703125, 0.00635528564453125, 0.006448268890380859, 0.006862640380859375, 0.006427764892578125, 0.0069386959075927734], "conv_recv": [0.0002288818359375, 0.0003299713134765625, 0.0002465248107910156, 0.0002338886260986328, 0.0002262592315673828, 0.00025200843811035156, 0.00022745132446289062, 0.00025343894958496094, 0.00027179718017578125, 0.000232696533203125, 0.00030994415283203125, 0.0003407001495361328, 0.0002772808074951172, 0.0002701282501220703, 0.00023746490478515625, 0.0002315044403076172, 0.00024318695068359375, 0.0002579689025878906, 0.00023508071899414062, 0.0002315044403076172, 0.0003647804260253906, 0.0002586841583251953, 0.0002384185791015625, 0.0002510547637939453, 0.0003933906555175781, 0.00023484230041503906, 0.0002307891845703125, 0.0003025531768798828, 0.00023698806762695312, 0.00024008750915527344, 0.00025081634521484375, 0.00023508071899414062, 0.0003161430358886719, 0.00028228759765625, 0.00024080276489257812, 0.00023865699768066406, 0.0002741813659667969, 0.000415802001953125, 0.0002353191375732422, 0.0002338886260986328, 0.0003235340118408203, 0.0002353191375732422, 0.0003509521484375, 0.00023651123046875, 0.00024271011352539062, 0.00023889541625976562, 0.0002720355987548828, 0.0002894401550292969, 0.00028014183044433594, 0.0002875328063964844, 0.00030303001403808594, 0.0002741813659667969, 0.0002524852752685547], "epochs": [18.03346037864685, 13.67780590057373, 13.258780479431152, 13.30235481262207, 13.323798418045044, 13.78348159790039, 13.24107050895691, 13.462337493896484, 13.437934398651123, 13.95484709739685, 13.807933807373047, 13.890884637832642, 13.849057912826538, 13.70239782333374, 13.590119361877441, 13.976147174835205, 13.930577516555786, 13.883723020553589, 13.530036211013794, 13.966023921966553, 13.750014543533325, 13.964992761611938, 13.959644317626953, 13.575785398483276, 13.608378887176514, 13.86919355392456, 15.202104091644287, 13.942689418792725, 14.008319616317749, 13.67853045463562, 13.658714532852173, 13.97177767753601, 13.910375595092773, 14.370797395706177, 13.99402379989624, 14.000771760940552, 14.013333082199097, 13.830937385559082, 13.814490556716919, 13.82680606842041, 13.754477262496948, 13.995049715042114, 14.360636949539185, 13.658865928649902, 13.541642189025879, 14.04208254814148, 14.033185958862305, 15.08432388305664, 13.83919644355774, 14.41042160987854, 13.490098476409912, 14.833907842636108, 13.786033630371094]}}