{"times": {"train": [10.758303165435791, 7.3211212158203125, 6.533466100692749, 6.607222080230713, 6.90741753578186, 6.5622718334198, 6.557015895843506, 6.588259696960449, 6.539624929428101, 6.962366580963135, 6.927303075790405, 6.573714256286621, 6.590951681137085, 6.646476984024048, 6.620811700820923, 6.923820972442627, 6.561377048492432, 6.971375942230225, 6.593805313110352, 7.3198511600494385, 6.582350254058838, 6.873973608016968, 6.60818076133728, 6.9100518226623535, 6.949609756469727, 6.6237804889678955, 6.9134697914123535, 7.313124656677246, 6.5517072677612305, 6.958429574966431, 6.957281112670898, 6.9560816287994385, 6.6306822299957275, 6.93127703666687, 7.333678960800171, 6.674472093582153, 7.3387696743011475, 6.654958248138428, 6.565886974334717, 7.22112250328064, 6.596294403076172, 7.27592658996582, 6.867165803909302, 6.611445665359497, 6.999960660934448, 6.939849376678467, 6.639265775680542, 7.318952798843384, 6.972314119338989, 6.918581008911133, 6.688573837280273, 6.93834114074707, 6.576483726501465], "comm_send": [0.0002071857452392578, 0.00017499923706054688, 0.00019097328186035156, 0.00017595291137695312, 0.0002009868621826172, 0.00019073486328125, 0.00018405914306640625, 0.0002455711364746094, 0.00019097328186035156, 0.00017452239990234375, 0.0001895427703857422, 0.0001850128173828125, 0.0001811981201171875, 0.00019073486328125, 0.00017595291137695312, 0.0001747608184814453, 0.00019407272338867188, 0.0002655982971191406, 0.00018334388732910156, 0.00017023086547851562, 0.00019049644470214844, 0.0001838207244873047, 0.00018286705017089844, 0.000186920166015625, 0.00023126602172851562, 0.00018167495727539062, 0.00021505355834960938, 0.00016951560974121094, 0.00019121170043945312, 0.00021028518676757812, 0.0002014636993408203, 0.00017690658569335938, 0.0001785755157470703, 0.00017952919006347656, 0.00017976760864257812, 0.0001850128173828125, 0.00018334388732910156, 0.00018858909606933594, 0.00019240379333496094, 0.0001881122589111328, 0.00017952919006347656, 0.0001819133758544922, 0.0001811981201171875, 0.0001964569091796875, 0.0001838207244873047, 0.00017333030700683594, 0.00018930435180664062, 0.0001747608184814453, 0.0001895427703857422, 0.00017952919006347656, 0.00017786026000976562, 0.0001857280731201172, 0.0002124309539794922], "comm_recv": [7.247277498245239, 6.348766803741455, 6.707937955856323, 6.679262161254883, 6.400020122528076, 7.204247951507568, 6.6667211055755615, 6.85735559463501, 6.8818418979644775, 6.973181247711182, 6.8634724617004395, 7.299335479736328, 7.242077589035034, 7.039452314376831, 6.95254921913147, 7.035739183425903, 7.352567195892334, 6.894541025161743, 6.919254779815674, 6.629086256027222, 7.150442123413086, 7.074618577957153, 7.333483934402466, 6.648738622665405, 6.641215801239014, 7.2295081615448, 8.272239208221436, 6.612448692321777, 7.439702033996582, 6.703218221664429, 6.6847004890441895, 6.998874187469482, 7.263046741485596, 7.422681093215942, 6.643244981765747, 7.308339357376099, 6.6576313972473145, 7.157979965209961, 7.232805967330933, 6.588702917098999, 7.14156436920166, 6.701822757720947, 7.4767842292785645, 7.030878067016602, 6.524070978164673, 7.08570408821106, 7.376683473587036, 7.748992204666138, 6.8477623462677, 7.4751739501953125, 6.783215045928955, 7.880063056945801, 7.191141366958618], "conv_send": [0.006617307662963867, 0.0070688724517822266, 0.006802558898925781, 0.0065920352935791016, 0.0065288543701171875, 0.006538867950439453, 0.006731986999511719, 0.006638288497924805, 0.006697893142700195, 0.007001638412475586, 0.006548166275024414, 0.0067136287689208984, 0.006644248962402344, 0.00680088996887207, 0.006612300872802734, 0.0065081119537353516, 0.006613969802856445, 0.007264375686645508, 0.006572246551513672, 0.0070841312408447266, 0.0066471099853515625, 0.0065495967864990234, 0.006657838821411133, 0.0065631866455078125, 0.006529808044433594, 0.006575584411621094, 0.00663447380065918, 0.007003068923950195, 0.006775617599487305, 0.006984233856201172, 0.006659984588623047, 0.006479740142822266, 0.0066068172454833984, 0.006520509719848633, 0.006999015808105469, 0.00658106803894043, 0.006989717483520508, 0.00685882568359375, 0.0066454410552978516, 0.006864786148071289, 0.006577014923095703, 0.007054328918457031, 0.006593227386474609, 0.0069544315338134766, 0.007061004638671875, 0.006453990936279297, 0.0067021846771240234, 0.007025003433227539, 0.007069587707519531, 0.006615400314331055, 0.006626129150390625, 0.006566286087036133, 0.0069048404693603516], "conv_recv": [0.00027942657470703125, 0.0002505779266357422, 0.0002512931823730469, 0.00023865699768066406, 0.00023698806762695312, 0.0003006458282470703, 0.00023603439331054688, 0.00024366378784179688, 0.0004260540008544922, 0.00023365020751953125, 0.0003981590270996094, 0.00023508071899414062, 0.00030612945556640625, 0.0002951622009277344, 0.00024008750915527344, 0.0002346038818359375, 0.0002834796905517578, 0.00030493736267089844, 0.00038695335388183594, 0.00024318695068359375, 0.0002808570861816406, 0.0004127025604248047, 0.0002467632293701172, 0.0002422332763671875, 0.00025773048400878906, 0.0003266334533691406, 0.0002446174621582031, 0.0003223419189453125, 0.0002589225769042969, 0.00025200843811035156, 0.0002872943878173828, 0.0002942085266113281, 0.0002429485321044922, 0.0002856254577636719, 0.00051116943359375, 0.00031495094299316406, 0.00025463104248046875, 0.00024175643920898438, 0.0003025531768798828, 0.00030732154846191406, 0.0003261566162109375, 0.0002639293670654297, 0.00024580955505371094, 0.0003101825714111328, 0.00026726722717285156, 0.00023698806762695312, 0.0003304481506347656, 0.0004100799560546875, 0.00035500526428222656, 0.0004138946533203125, 0.00038933753967285156, 0.00043845176696777344, 0.0002460479736328125], "epochs": [18.022160053253174, 13.687485218048096, 13.25814700126648, 13.303020477294922, 13.323976993560791, 13.783334732055664, 13.240972518920898, 13.462214708328247, 13.440495014190674, 13.952662467956543, 13.807936429977417, 13.89004397392273, 13.849572658538818, 13.70283579826355, 13.59001350402832, 13.97605013847351, 13.930891990661621, 13.883482933044434, 13.529894828796387, 13.9660804271698, 13.749753475189209, 13.966756820678711, 13.958353996276855, 13.575477838516235, 13.607576847076416, 13.869862794876099, 15.202306032180786, 13.942821979522705, 14.008152723312378, 13.678600311279297, 13.658847093582153, 13.971522331237793, 13.91031289100647, 14.37076210975647, 13.995242834091187, 13.999301671981812, 14.013617277145386, 13.83007526397705, 13.815350770950317, 13.826784372329712, 13.754663705825806, 13.99482774734497, 14.360564947128296, 13.6597318649292, 13.541235446929932, 14.04197072982788, 14.032834768295288, 15.086217403411865, 13.837524890899658, 14.410849809646606, 13.488874673843384, 14.836319923400879, 13.784682512283325]}}