{"times": {"train": [10.613450288772583, 6.425205945968628, 6.811580657958984, 6.422703504562378, 6.4613847732543945, 6.456376791000366, 6.884951591491699, 6.847264051437378, 6.431737422943115, 6.482223749160767, 7.21269679069519, 6.817595481872559, 6.439041614532471, 6.413605213165283, 6.446192502975464, 6.433636665344238, 6.415381193161011, 6.483763694763184, 6.47465181350708, 6.852161645889282, 7.260374307632446, 6.8370749950408936, 7.278723239898682, 6.885781526565552, 6.916763067245483, 6.469095945358276, 6.567383527755737, 6.862646818161011, 7.193882942199707, 7.280799865722656, 6.868101119995117, 6.890549421310425, 6.484512805938721, 7.2844884395599365, 6.849373817443848, 6.906465768814087, 6.875205039978027, 6.879067420959473, 6.44654655456543, 6.516788482666016, 6.474146842956543, 6.858328580856323, 6.416236877441406, 6.4046196937561035, 6.870119333267212, 6.469197750091553, 6.862124443054199, 7.19405198097229, 6.821875333786011, 6.811055898666382, 6.949777364730835, 6.884363412857056, 7.302266359329224], "comm_send": [0.00019621849060058594, 0.00019407272338867188, 0.0001819133758544922, 0.00019478797912597656, 0.00020813941955566406, 0.0001811981201171875, 0.00017547607421875, 0.0002086162567138672, 0.00019812583923339844, 0.00020384788513183594, 0.00017762184143066406, 0.0001842975616455078, 0.0002002716064453125, 0.0002231597900390625, 0.00019407272338867188, 0.0002067089080810547, 0.00019550323486328125, 0.0001914501190185547, 0.00021576881408691406, 0.00019431114196777344, 0.00018095970153808594, 0.0001926422119140625, 0.00025391578674316406, 0.00018215179443359375, 0.0001785755157470703, 0.00019788742065429688, 0.00021028518676757812, 0.00018596649169921875, 0.0001800060272216797, 0.0001747608184814453, 0.00018072128295898438, 0.00018215179443359375, 0.00020360946655273438, 0.00017976760864257812, 0.00018286705017089844, 0.00017571449279785156, 0.0001838207244873047, 0.00018024444580078125, 0.0001995563507080078, 0.0003464221954345703, 0.0001990795135498047, 0.00018024444580078125, 0.0001895427703857422, 0.0002033710479736328, 0.00017786026000976562, 0.00021219253540039062, 0.00019121170043945312, 0.0001800060272216797, 0.0001881122589111328, 0.00019669532775878906, 0.00018072128295898438, 0.00018858909606933594, 0.00019788742065429688], "comm_recv": [7.404109716415405, 7.23513650894165, 6.430537462234497, 6.863511800765991, 6.845542669296265, 7.307340860366821, 6.338758230209351, 6.598689556121826, 6.9893975257873535, 7.455216646194458, 6.5776801109313965, 7.0562708377838135, 7.393546104431152, 7.272298812866211, 7.127262592315674, 7.5274977684021, 7.496670961380005, 7.383435964584351, 7.03801155090332, 7.0970118045806885, 6.4724695682525635, 7.111406326293945, 6.663134336471558, 6.673502206802368, 6.6742331981658936, 7.384453535079956, 8.618040323257446, 7.063769102096558, 6.798209190368652, 6.380920886993408, 6.774032354354858, 7.063677787780762, 7.409360885620117, 7.06957483291626, 7.12839937210083, 7.077542543411255, 7.121146202087402, 6.9342217445373535, 7.352302074432373, 7.29307222366333, 7.263685703277588, 7.120514392852783, 7.927961826324463, 7.237894773483276, 6.653592109680176, 7.556348085403442, 7.154312610626221, 7.874014616012573, 7.000162124633789, 7.582799911499023, 6.522439002990723, 7.933603525161743, 6.467029809951782], "conv_send": [0.006807565689086914, 0.006775856018066406, 0.006418466567993164, 0.0069386959075927734, 0.006869792938232422, 0.00967264175415039, 0.00690770149230957, 0.006365299224853516, 0.006817340850830078, 0.006748199462890625, 0.0071485042572021484, 0.006423234939575195, 0.007277727127075195, 0.006852388381958008, 0.006711483001708984, 0.006811380386352539, 0.006790876388549805, 0.006672859191894531, 0.006776571273803711, 0.006941556930541992, 0.006831645965576172, 0.006579875946044922, 0.0069675445556640625, 0.006398200988769531, 0.006464481353759766, 0.006696939468383789, 0.006844997406005859, 0.006348609924316406, 0.006456613540649414, 0.006864070892333984, 0.006849765777587891, 0.006934165954589844, 0.0067920684814453125, 0.0068264007568359375, 0.006336212158203125, 0.006329536437988281, 0.006904125213623047, 0.006905078887939453, 0.006590127944946289, 0.006947994232177734, 0.006783723831176758, 0.006329536437988281, 0.006577968597412109, 0.006760835647583008, 0.006809711456298828, 0.006740093231201172, 0.006679058074951172, 0.006499052047729492, 0.006456851959228516, 0.006439208984375, 0.006909370422363281, 0.006903886795043945, 0.00700831413269043], "conv_recv": [0.0002624988555908203, 0.0002689361572265625, 0.0002346038818359375, 0.0002372264862060547, 0.0002429485321044922, 0.00025963783264160156, 0.00031948089599609375, 0.0002655982971191406, 0.0004825592041015625, 0.0002913475036621094, 0.0003135204315185547, 0.0002887248992919922, 0.0002353191375732422, 0.00034618377685546875, 0.0002644062042236328, 0.0002505779266357422, 0.0002541542053222656, 0.00032639503479003906, 0.0002396106719970703, 0.0002434253692626953, 0.0003294944763183594, 0.0003466606140136719, 0.000244140625, 0.00029730796813964844, 0.0002837181091308594, 0.00024962425231933594, 0.00024318695068359375, 0.0002484321594238281, 0.00033211708068847656, 0.00024700164794921875, 0.0003452301025390625, 0.00028061866760253906, 0.00023746490478515625, 0.0002963542938232422, 0.00037932395935058594, 0.00027108192443847656, 0.00023674964904785156, 0.00030517578125, 0.0002377033233642578, 0.00026607513427734375, 0.0003046989440917969, 0.00024628639221191406, 0.000255584716796875, 0.0003116130828857422, 0.0002484321594238281, 0.00024509429931640625, 0.0002880096435546875, 0.0004017353057861328, 0.000247955322265625, 0.0003008842468261719, 0.00024271011352539062, 0.0002701282501220703, 0.00028824806213378906], "epochs": [18.03420066833496, 13.677302360534668, 13.258320569992065, 13.303173542022705, 13.323611497879028, 13.783446073532104, 13.241119146347046, 13.46212363243103, 13.4389328956604, 13.95399284362793, 13.807792663574219, 13.890292167663574, 13.84965991973877, 13.702616453170776, 13.590131521224976, 13.977797031402588, 13.92862582206726, 13.884494304656982, 13.52936577796936, 13.966017723083496, 13.749694108963013, 13.966146469116211, 13.958670377731323, 13.575698137283325, 13.607378721237183, 13.870068073272705, 15.202015161514282, 13.942770957946777, 14.00835657119751, 13.678270101547241, 13.65936827659607, 13.97097396850586, 13.910513162612915, 14.370726346969604, 13.994734764099121, 14.000036478042603, 14.013175010681152, 13.830232381820679, 13.81520938873291, 13.826665878295898, 13.75463056564331, 13.995025396347046, 14.360556364059448, 13.660254716873169, 13.540317296981812, 14.042047500610352, 14.033049821853638, 15.0851891040802, 13.838451623916626, 14.410278558731079, 13.489190101623535, 14.834715604782104, 13.786357879638672]}}