{"acc": [0.5234514150009895, 0.5234514150009895, 0.5838115970710469, 0.6415990500692658, 0.7187809222244211, 0.7359984167821096, 0.7425291905798536, 0.749455768850188, 0.7518305956857313, 0.7528201068672076, 0.7540075202849792, 0.756778151593113, 0.7621215119730853, 0.7666732634078766, 0.7730061349693251, 0.7838907579655651, 0.8248565208786859, 0.7763704729863448, 0.780922224421136, 0.8501880071244805, 0.8683950128636454, 0.8448446467445082, 0.8672075994458738, 0.8800712448050663, 0.8685929150999406, 0.8804670492776568, 0.8877894320205818, 0.8897684543835346, 0.8947160102909163, 0.8951118147635069, 0.8994656639620028, 0.904017415396794, 0.9093607757767663, 0.9149020383930339, 0.9152978428656244, 0.923807639026321, 0.9269740748070453, 0.9220265188996636, 0.9382545022758757, 0.9406293291114189, 0.9453789827825054, 0.9459726894913912, 0.9616069661587175, 0.9564615080150406, 0.9631901840490797, 0.967741935483871, 0.9786265584801108, 0.9756580249356818, 0.9825846032060163, 0.9806055808430635, 0.9861468434593311, 0.9903027904215318, 0.9908964971304176, 0.9912923016030081, 0.9946566396200277, 0.9942608351474371], "mcc": [0.035503527621132215, 0.10354274156770231, 0.26073814921854493, 0.38002912647979786, 0.5553760222012434, 0.6019964410214566, 0.6138916942522601, 0.6262307540531085, 0.6304811046054266, 0.632251328936335, 0.6345249905149751, 0.6390770202243384, 0.6468601380476016, 0.6533893799564877, 0.6623141065964294, 0.6773449943567077, 0.7311304004877671, 0.6666281379733701, 0.6729809687720705, 0.7700641530826392, 0.7887012428612331, 0.7631314620573283, 0.7929545721979379, 0.8044437708976395, 0.795314206174735, 0.8115760757196319, 0.8212769065056559, 0.8246224838647114, 0.8291363500224213, 0.8295702587941653, 0.8362510262211705, 0.8433220688356226, 0.8516247324282582, 0.860541915985361, 0.8621676645246016, 0.8749786834547569, 0.8802960201648882, 0.8757078096789993, 0.8989261389004083, 0.9034993204928226, 0.911410175419972, 0.9130045757244426, 0.9372323171466206, 0.9298091831444711, 0.9403537650257674, 0.9476796581181294, 0.9651010616584941, 0.9606220030501238, 0.9715812804447002, 0.9686115348536661, 0.9775097792393614, 0.9842202939452543, 0.9851939938016383, 0.9858429277607493, 0.9912958322500852, 0.9906532005587244], "f1": [0.23186500109577032, 0.2517968489694893, 0.4051089953449189, 0.5377182980569495, 0.5799587401446517, 0.5793982175365178, 0.5857211950254954, 0.5935197096558068, 0.5957583556164379, 0.5966864408653233, 0.59775661786861, 0.6023855953128213, 0.6161136616926804, 0.6279511374595752, 0.64464494956566, 0.6715826323567696, 0.7656979866771237, 0.6515972936201543, 0.662778731046171, 0.8078890505130736, 0.8461684887464486, 0.7978352256930048, 0.8374750704215345, 0.8659128448422481, 0.8391282791117082, 0.8580180842104917, 0.8698880211224677, 0.8722666895197609, 0.8825129045641834, 0.8833032936307639, 0.8891835866185372, 0.8951802893550221, 0.9022714427502333, 0.9090116211603861, 0.9076038197381253, 0.9200298297504267, 0.9227305735399285, 0.9128754284250465, 0.9348781285634803, 0.9363469746480805, 0.9414259005655742, 0.9415132963370985, 0.9598356325744009, 0.9532986932405039, 0.9609123437829997, 0.96594194818696, 0.9778340150081336, 0.9744211235006763, 0.9819446415829121, 0.9796936629161582, 0.9855744677975181, 0.9899316904727936, 0.9905334779413387, 0.9909421736975895, 0.9944363591182643, 0.9940267459000459], "times": {"epochs": [3.4396471977233887, 0.11044073104858398, 0.10903382301330566, 0.10715365409851074, 0.10726547241210938, 0.10600781440734863, 0.10571670532226562, 0.10631895065307617, 0.10552597045898438, 0.1069645881652832, 0.10493922233581543, 0.10434794425964355, 0.10822200775146484, 0.10516881942749023, 0.10789299011230469, 0.1065220832824707, 0.10796856880187988, 0.10665106773376465, 0.1043694019317627, 0.10394024848937988, 0.10349917411804199, 0.10462498664855957, 0.10432243347167969, 0.10670661926269531, 0.10395526885986328, 0.1042640209197998, 0.10455656051635742, 0.10666728019714355, 0.10506749153137207, 0.10530638694763184, 0.1049964427947998, 0.1449439525604248, 0.10758733749389648, 0.10381531715393066, 0.1039271354675293, 0.10509419441223145, 0.1244819164276123, 0.10427498817443848, 0.10425138473510742, 0.10670328140258789, 0.10490584373474121, 0.1018834114074707, 0.10404324531555176, 0.10654616355895996, 0.11320352554321289, 0.10343384742736816, 0.10342574119567871, 0.10335588455200195, 0.10465097427368164, 0.10407018661499023, 0.10414910316467285, 0.10430097579956055, 0.10568952560424805, 0.10408425331115723, 0.10418152809143066, 0.11351394653320312], "global_times": [4.660765171051025, 4.77144980430603, 4.8807103633880615, 4.988094806671143, 5.0956034660339355, 5.201840400695801, 5.307788372039795, 5.414348125457764, 5.520110130310059, 5.627323150634766, 5.732490301132202, 5.8370680809021, 5.945539474487305, 6.0509490966796875, 6.159076452255249, 6.265851259231567, 6.374050617218018, 6.480954885482788, 6.585556507110596, 6.6897218227386475, 6.793453216552734, 6.898296594619751, 7.0028417110443115, 7.109772205352783, 7.213951587677002, 7.318434953689575, 7.423214673995972, 7.530116558074951, 7.635425806045532, 7.740948438644409, 7.846181392669678, 7.991370916366577, 8.099719762802124, 8.203757286071777, 8.307905912399292, 8.41321611404419, 8.53794264793396, 8.642446756362915, 8.746926069259644, 8.853854656219482, 8.958987712860107, 9.061094999313354, 9.16539216041565, 9.272166013717651, 9.385611772537231, 9.489270210266113, 9.592933893203735, 9.696519136428833, 9.801392793655396, 9.905689239501953, 10.010061740875244, 10.11459231376648, 10.220515012741089, 10.324851512908936, 10.429259300231934, 10.543009519577026]}}