{"acc": [0.7403522659806056, 0.7498515733227785, 0.7547991292301603, 0.7601424896101326, 0.7644963388086286, 0.7672669701167624, 0.7771620819315258, 0.789036216109242, 0.7953690876706907, 0.803680981595092, 0.811794973283198, 0.8121907777557886, 0.7447061151791016, 0.7496536710864833, 0.7553928359390462, 0.7726103304967347, 0.7739956461508015, 0.7892341183455372, 0.7995250346328914, 0.8054621017217495, 0.8573124876311102, 0.8656243815555116, 0.9107460914308332, 0.9305363150603602, 0.9190579853552345, 0.9402335246388284, 0.9483475163269345, 0.9544824856520878, 0.9354838709677419, 0.9645754997031466, 0.9669503265386898, 0.9693251533742331, 0.9722936869186621, 0.975064318226796, 0.9679398377201662, 0.9841678210963783, 0.9778349495349298, 0.9810013853156541, 0.9815950920245399, 0.9903027904215318, 0.9938650306748467, 0.9954482485652087], "mcc": [0.5923193562886373, 0.613033006391817, 0.6224049173180801, 0.6340545520395879, 0.6408142150459893, 0.6449668822665096, 0.6597946078546049, 0.6758565776775478, 0.6850770707069672, 0.6979383301736269, 0.708556878946879, 0.7090387499922454, 0.6020115148656003, 0.6136698669392745, 0.6234942490736596, 0.6494048167590893, 0.6542121477069609, 0.6762508235861775, 0.6923352539318605, 0.7008622168814127, 0.7767287849457299, 0.7882851732953666, 0.8568380735133596, 0.8872996813793431, 0.8700067932435015, 0.9030282541692058, 0.9159944817685772, 0.9257977044471184, 0.8957509370049336, 0.9419748774102862, 0.945824373655337, 0.9496607653926996, 0.9546100072322337, 0.9590611939183161, 0.9475715475049188, 0.9739448256878032, 0.9636410245579151, 0.9688010148088705, 0.9697666614978593, 0.9840018690232692, 0.9898660960790999, 0.9924765081014039], "f1": [0.5793273490641911, 0.587896526709241, 0.5926458447028532, 0.5972435299147443, 0.6057322401233697, 0.6125294667534321, 0.6390235146555051, 0.6718725282169249, 0.6875772520156236, 0.7054401433888776, 0.7249779578265251, 0.7258210876461476, 0.5832349593664046, 0.5874172096507314, 0.5932204748713331, 0.6349359000224295, 0.6319860516477541, 0.6722112182152619, 0.6946009291912295, 0.7079637329626505, 0.8123299697864589, 0.8271213800148373, 0.8945055293430842, 0.92038027336955, 0.9054669719205389, 0.9323363524120575, 0.9421837844601951, 0.9494022141341381, 0.9264551961088278, 0.9610337470730759, 0.9637791644619349, 0.9664473889679092, 0.9698833929214388, 0.972707947594664, 0.9648051500216446, 0.982843190516043, 0.9759339356245293, 0.979392974140132, 0.9800405309175314, 0.9894084000225575, 0.9931812506321979, 0.9948492447177549], "times": {"epochs": [0.213392972946167, 0.10007691383361816, 0.10033893585205078, 0.09724712371826172, 0.09786176681518555, 0.09618687629699707, 0.09736394882202148, 0.09560060501098633, 0.10020041465759277, 0.10203909873962402, 0.10236144065856934, 0.10550856590270996, 0.09819149971008301, 0.09715604782104492, 0.10132861137390137, 0.10104656219482422, 0.09923696517944336, 0.11340188980102539, 0.11625337600708008, 0.11540055274963379, 0.11774635314941406, 0.11524677276611328, 0.09874558448791504, 0.10091567039489746, 0.10791730880737305, 0.10010528564453125, 0.1025230884552002, 0.10408306121826172, 0.10170269012451172, 0.10149264335632324, 0.10269546508789062, 0.10053396224975586, 0.10216951370239258, 0.09861016273498535, 0.10647058486938477, 0.10307455062866211, 0.09947824478149414, 0.09848570823669434, 0.09976625442504883, 0.09955930709838867, 0.0991818904876709, 0.1008307933807373], "global_times": [2.7733566761016846, 2.9232237339019775, 3.0725080966949463, 3.2192184925079346, 3.3650879859924316, 3.5109286308288574, 3.6572775840759277, 3.8022539615631104, 3.951183795928955, 4.102765083312988, 4.254958868026733, 4.411563396453857, 4.518576622009277, 4.62294602394104, 4.731596946716309, 4.840145587921143, 4.946735143661499, 5.067383050918579, 5.191432237625122, 5.314707040786743, 5.440363168716431, 5.563560247421265, 5.669495344161987, 5.777547359466553, 5.892634630203247, 5.999925374984741, 6.109709978103638, 6.221428155899048, 6.330415964126587, 6.4390809535980225, 6.549074172973633, 6.65685772895813, 6.766359329223633, 6.872287750244141, 6.986069440841675, 7.097053050994873, 7.20383882522583, 7.309618234634399, 7.416704416275024, 7.523554086685181, 7.629829168319702, 7.7378411293029785]}}