{"acc": [0.9531863643504215, 0.9918835419175787, 0.9926428234801278], "mcc": [0.9439048414376993, 0.9902881205423127, 0.9911940132234571], "f1": [0.9530739169572654, 0.991906541600367, 0.9926731905784857], "times": {"epochs": [9.303518772125244, 1.2615864276885986, 1.4121711254119873], "global_times": [9.797702074050903, 11.059648513793945, 12.472100019454956]}}